Fraction_Group	Fraction	Spectra_Filepath	Label	Sample
1	1	170719_AM_AUT01-DN15_Tongue_Tue39L243_10_DDA_1_400-1000mz_msms9_standard.mzML	1	1
2	1	170719_AM_AUT01-DN15_Tongue_Tue39L243_10_DDA_2_400-1000mz_msms10_standard.mzML	1	1
3	1	170719_AM_AUT01-DN15_Tongue_Tue39L243_10_DDA_3_400-1000mz_msms11_standard.mzML	1	1
4	1	170804_AM_AUT01-DN17_Heart_Tue39L243_10_DDA_1_400-1000mz_msms27_standard.mzML	1	2
5	1	170804_AM_AUT01-DN17_Heart_Tue39L243_10_DDA_2_400-1000mz_msms28_standard.mzML	1	2
6	1	170804_AM_AUT01-DN17_Heart_Tue39L243_10_DDA_3_400-1000mz_msms29_standard.mzML	1	2
7	1	160906_AM_AUT01-DN09_Testis_Tue39L243_10_DDA_1_400-1000mz_msms49_standard.mzML	1	3
8	1	160906_AM_AUT01-DN09_Testis_Tue39L243_10_DDA_2_400-1000mz_msms50_standard.mzML	1	3
9	1	160906_AM_AUT01-DN09_Testis_Tue39L243_10_DDA_3_400-1000mz_msms51_standard.mzML	1	3
10	1	170506_AM_AUT01-DN14_Spleen_Tue39L243_10_DDA_1_400-1000mz_msms25_standard.mzML	1	4
11	1	170506_AM_AUT01-DN14_Spleen_Tue39L243_10_DDA_2_400-1000mz_msms26_standard.mzML	1	4
12	1	170506_AM_AUT01-DN14_Spleen_Tue39L243_10_DDA_3_400-1000mz_msms27_standard.mzML	1	4
13	1	171002_AM_AUT01-DN17_Spleen_Tue39L243_10_DDA_1_400-1000mz_msms10_standard.mzML	1	5
14	1	171002_AM_AUT01-DN17_Spleen_Tue39L243_10_DDA_2_400-1000mz_msms11_standard.mzML	1	5
15	1	171002_AM_AUT01-DN17_Spleen_Tue39L243_10_DDA_3_400-1000mz_msms12_standard.mzML	1	5
16	1	161115_AM_AUT01-DN13_Liver_Tue39L243_10_DDA_1_400-1000mz_msms17_standard.mzML	1	6
17	1	161115_AM_AUT01-DN13_Liver_Tue39L243_10_DDA_2_400-1000mz_msms18_standard.mzML	1	6
18	1	161115_AM_AUT01-DN13_Liver_Tue39L243_10_DDA_3_400-1000mz_msms19_standard.mzML	1	6
19	1	161104_AM_AUT01-DN08_Cerebellum_Tue39L243_10_DDA_1_400-1000mz_msms4_standard.mzML	1	7
20	1	161104_AM_AUT01-DN08_Cerebellum_Tue39L243_10_DDA_2_400-1000mz_msms5_standard.mzML	1	7
21	1	161104_AM_AUT01-DN08_Cerebellum_Tue39L243_10_DDA_3_400-1000mz_msms6_standard.mzML	1	7
22	1	180103_AM_AUT01-DN11_Skin_Tue39L243_10_DDA_1_400-1000mz_msms10_standard.mzML	1	8
23	1	180103_AM_AUT01-DN11_Skin_Tue39L243_10_DDA_2_400-1000mz_msms11_standard.mzML	1	8
24	1	180103_AM_AUT01-DN11_Skin_Tue39L243_10_DDA_3_400-1000mz_msms12_standard.mzML	1	8
25	1	180925_AM_AUT01-DN03_Spleen_Tue39L243_NA_DDA_1_400-1000mz_msms8_Refill.mzML	1	9
26	1	180925_AM_AUT01-DN03_Spleen_Tue39L243_NA_DDA_2_400-1000mz_msms9_Refill.mzML	1	9
27	1	180925_AM_AUT01-DN03_Spleen_Tue39L243_NA_DDA_3_400-1000mz_msms10_Refill.mzML	1	9
28	1	160711_AM_AUT01-DN08_BoneMarrow_Tue39L243_20_DDA_1_400-1000mz_msms25_standard.mzML	1	10
29	1	160711_AM_AUT01-DN08_BoneMarrow_Tue39L243_20_DDA_2_400-1000mz_msms26_standard.mzML	1	10
30	1	160711_AM_AUT01-DN08_BoneMarrow_Tue39L243_20_DDA_3_400-1000mz_msms27_standard.mzML	1	10
31	1	171107_AM_AUT01-DN11_LymphNode_Tue39L243_10_DDA_1_400-1000mz_msms1_standard.mzML	1	11
32	1	171107_AM_AUT01-DN11_LymphNode_Tue39L243_10_DDA_2_400-1000mz_msms2_standard.mzML	1	11
33	1	171107_AM_AUT01-DN11_LymphNode_Tue39L243_10_DDA_3_400-1000mz_msms3_standard.mzML	1	11
34	1	191205_AMLM_THY01-DN3_Thymus_Tue39L243_10_DDA_1_400-1000mz_msms18_standard.mzML	1	12
35	1	191205_AMLM_THY01-DN3_Thymus_Tue39L243_10_DDA_2_400-1000mz_msms19_standard.mzML	1	12
36	1	191205_AMLM_THY01-DN3_Thymus_Tue39L243_10_DDA_3_400-1000mz_msms20_standard.mzML	1	12
37	1	180425_AM_AUT01-DN09_Bladder_Tue39L243_10_DDA_1_400-1000mz_msms37_standard.mzML	1	13
38	1	180425_AM_AUT01-DN09_Bladder_Tue39L243_10_DDA_2_400-1000mz_msms38_standard.mzML	1	13
39	1	180425_AM_AUT01-DN09_Bladder_Tue39L243_10_DDA_3_400-1000mz_msms39_standard.mzML	1	13
40	1	161225_AM_AUT01-DN09_Heart_Tue39L243_10_DDA_1_400-1000mz_msms1_standard.mzML	1	14
41	1	161225_AM_AUT01-DN09_Heart_Tue39L243_10_DDA_2_400-1000mz_msms2_standard.mzML	1	14
42	1	161225_AM_AUT01-DN09_Heart_Tue39L243_10_DDA_3_400-1000mz_msms3_standard.mzML	1	14
43	1	160806_AM_AUT01-DN04_Kidney_Tue39L243_10_DDA_1_400-1000mz_msms52_standard.mzML	1	15
44	1	160806_AM_AUT01-DN04_Kidney_Tue39L243_10_DDA_2new_400-1000mz_msms57_standard.mzML	1	15
45	1	160806_AM_AUT01-DN04_Kidney_Tue39L243_10_DDA_3new_400-1000mz_msms58_standard.mzML	1	15
46	1	160818_AM_AUT01-DN04_Liver_Tue39L243_10_DDA_1_400-1000mz_msms10_standard.mzML	1	16
47	1	160818_AM_AUT01-DN04_Liver_Tue39L243_10_DDA_2_400-1000mz_msms11_standard.mzML	1	16
48	1	160818_AM_AUT01-DN04_Liver_Tue39L243_10_DDA_3_400-1000mz_msms12_standard.mzML	1	16
49	1	170814_AM_AUT01-DN15_Brain_Tue39L243_10_DDA_1_400-1000mz_msms7_standard.mzML	1	17
50	1	170814_AM_AUT01-DN15_Brain_Tue39L243_10_DDA_2_400-1000mz_msms8_standard.mzML	1	17
51	1	170814_AM_AUT01-DN15_Brain_Tue39L243_10_DDA_3_400-1000mz_msms9_standard.mzML	1	17
52	1	170418_AM_AUT01-DN11_BoneMarrow_Tue39L243_10_DDA_1_400-1000mz_msms7_standard.mzML	1	18
53	1	170418_AM_AUT01-DN11_BoneMarrow_Tue39L243_10_DDA_2_400-1000mz_msms8_standard.mzML	1	18
54	1	170418_AM_AUT01-DN11_BoneMarrow_Tue39L243_10_DDA_3_400-1000mz_msms9_standard.mzML	1	18
55	1	171006_AM_AUT01-DN17_Tongue_Tue39L243_10_DDA_1_400-1000mz_msms18_standard.mzML	1	19
56	1	171006_AM_AUT01-DN17_Tongue_Tue39L243_10_DDA_2_400-1000mz_msms19_standard.mzML	1	19
57	1	171006_AM_AUT01-DN17_Tongue_Tue39L243_10_DDA_3_400-1000mz_msms20_standard.mzML	1	19
58	1	170817_AM_AUT01-DN12_Skin_Tue39L243_10_DDA_1_400-1000mz_msms7_standard.mzML	1	20
59	1	170817_AM_AUT01-DN12_Skin_Tue39L243_10_DDA_2_400-1000mz_msms8_standard.mzML	1	20
60	1	170817_AM_AUT01-DN12_Skin_Tue39L243_10_DDA_3_400-1000mz_msms9_standard.mzML	1	20
61	1	180425_AM_AUT01-DN12_Pancreas_Tue39L243_10_DDA_1_400-1000mz_msms30_standard.mzML	1	21
62	1	180425_AM_AUT01-DN12_Pancreas_Tue39L243_10_DDA_2_400-1000mz_msms31_standard.mzML	1	21
63	1	180425_AM_AUT01-DN12_Pancreas_Tue39L243_10_DDA_3_400-1000mz_msms32_standard.mzML	1	21
64	1	171124_AM_AUT01-DN11_Colon_Tue39L243_10_DDA_1new_400-1000mz_msms32_standard.mzML	1	22
65	1	171124_AM_AUT01-DN11_Colon_Tue39L243_10_DDA_2_400-1000mz_msms28_standard.mzML	1	22
66	1	171124_AM_AUT01-DN11_Colon_Tue39L243_10_DDA_3_400-1000mz_msms29_standard.mzML	1	22
67	1	160711_AM_AUT01-DN08_Lung_Tue39L243_20_DDA_1_400-1000mz_msms19_standard.mzML	1	23
68	1	160711_AM_AUT01-DN08_Lung_Tue39L243_20_DDA_2_400-1000mz_msms20_standard.mzML	1	23
69	1	160711_AM_AUT01-DN08_Lung_Tue39L243_20_DDA_3_400-1000mz_msms21_standard.mzML	1	23
70	1	160607_DK_AUT01-DN08_LymphNode_Tue39L243_20_DDA_1_400-1000mz_msms10_standard.mzML	1	24
71	1	160608_DK_AUT01-DN08_LymphNode_Tue39L243_20_DDA_2_400-1000mz_msmsX7_standard.mzML	1	24
72	1	160608_DK_AUT01-DN08_LymphNode_Tue39L243_20_DDA_3_400-1000mz_msmsX8_standard.mzML	1	24
73	1	160806_AM_AUT01-DN05_Kidney_Tue39L243_10_DDA_1_400-1000mz_msms28_standard.mzML	1	25
74	1	160806_AM_AUT01-DN05_Kidney_Tue39L243_10_DDA_2_400-1000mz_msms29_standard.mzML	1	25
75	1	160806_AM_AUT01-DN05_Kidney_Tue39L243_10_DDA_3_400-1000mz_msms30_standard.mzML	1	25
76	1	180108_AM_AUT01-DN17_Trachea_Tue39L243_10_DDA_1_400-1000mz_msms28_standard.mzML	1	26
77	1	180108_AM_AUT01-DN17_Trachea_Tue39L243_10_DDA_2_400-1000mz_msms29_standard.mzML	1	26
78	1	180108_AM_AUT01-DN17_Trachea_Tue39L243_10_DDA_3_400-1000mz_msms30_standard.mzML	1	26
79	1	170729_AM_AUT01-DN14_Pancreas_Tue39L243_10_DDA_1_400-1000mz_msms8_standard.mzML	1	27
80	1	170729_AM_AUT01-DN14_Pancreas_Tue39L243_10_DDA_2_400-1000mz_msms9_standard.mzML	1	27
81	1	170729_AM_AUT01-DN14_Pancreas_Tue39L243_10_DDA_3_400-1000mz_msms10_standard.mzML	1	27
82	1	161212_AM_AUT01-DN06_Heart_Tue39L243_10_DDA_1_400-1000mz_msms20_standard.mzML	1	28
83	1	161212_AM_AUT01-DN06_Heart_Tue39L243_10_DDA_2_400-1000mz_msms21_standard.mzML	1	28
84	1	161212_AM_AUT01-DN06_Heart_Tue39L243_10_DDA_3_400-1000mz_msms22_standard.mzML	1	28
85	1	171107_AM_AUT01-DN11_Spleen_Tue39L243_10_DDA_1_400-1000mz_msms13_standard.mzML	1	29
86	1	171107_AM_AUT01-DN11_Spleen_Tue39L243_10_DDA_2_400-1000mz_msms14_standard.mzML	1	29
87	1	171107_AM_AUT01-DN11_Spleen_Tue39L243_10_DDA_3_400-1000mz_msms15_standard.mzML	1	29
88	1	171021_AM_AUT01-DN17_Kidney_Tue39L243_10_DDA_1_400-1000mz_msms6_standard.mzML	1	30
89	1	171021_AM_AUT01-DN17_Kidney_Tue39L243_10_DDA_2_400-1000mz_msms7_standard.mzML	1	30
90	1	171021_AM_AUT01-DN17_Kidney_Tue39L243_10_DDA_3_400-1000mz_msms8_standard.mzML	1	30
91	1	161030_AM_AUT01-DN13_Stomach_Tue39L243_10_DDA_1_400-1000mz_msms7_Fundus.mzML	1	31
92	1	161030_AM_AUT01-DN13_Stomach_Tue39L243_10_DDA_2_400-1000mz_msms8_Fundus.mzML	1	31
93	1	161030_AM_AUT01-DN13_Stomach_Tue39L243_10_DDA_3_400-1000mz_msms9_Fundus.mzML	1	31
94	1	170807_AM_AUT01-DN14_Esophagus_Tue39L243_10_DDA_1_400-1000mz_msms31_standard.mzML	1	32
95	1	170807_AM_AUT01-DN14_Esophagus_Tue39L243_10_DDA_2_400-1000mz_msms32_standard.mzML	1	32
96	1	170807_AM_AUT01-DN14_Esophagus_Tue39L243_10_DDA_3_400-1000mz_msms33_standard.mzML	1	32
97	1	161209_AM_AUT01-DN06_Muscle_Tue39L243_10_DDA_1_400-1000mz_msms4_standard.mzML	1	33
98	1	161209_AM_AUT01-DN06_Muscle_Tue39L243_10_DDA_2_400-1000mz_msms5_standard.mzML	1	33
99	1	161209_AM_AUT01-DN06_Muscle_Tue39L243_10_DDA_3_400-1000mz_msms6_standard.mzML	1	33
100	1	160806_AM_AUT01-DN04_Lung_Tue39L243_10_DDA_1_400-1000mz_msms40_standard.mzML	1	34
101	1	160806_AM_AUT01-DN04_Lung_Tue39L243_10_DDA_2_400-1000mz_msms41_standard.mzML	1	34
102	1	160806_AM_AUT01-DN04_Lung_Tue39L243_10_DDA_3_400-1000mz_msms42_standard.mzML	1	34
103	1	170730_AM_AUT01-DN14_Aorta_Tue39L243_10_DDA_1_400-1000mz_msms7_standard.mzML	1	35
104	1	170730_AM_AUT01-DN14_Aorta_Tue39L243_10_DDA_2_400-1000mz_msms8_standard.mzML	1	35
105	1	170730_AM_AUT01-DN14_Aorta_Tue39L243_10_DDA_3_400-1000mz_msms9_standard.mzML	1	35
106	1	160927_AM_AUT01-DN06_Spleen_Tue39L243_10_DDA_1_400-1000mz_msms7_standard.mzML	1	36
107	1	160927_AM_AUT01-DN06_Spleen_Tue39L243_10_DDA_2_400-1000mz_msms8_standard.mzML	1	36
108	1	160927_AM_AUT01-DN06_Spleen_Tue39L243_10_DDA_3_400-1000mz_msms9_standard.mzML	1	36
109	1	170911_AM_AUT01-DN05_Heart_Tue39L243_10_DDA_1_400-1000mz_msms7_standard.mzML	1	37
110	1	170911_AM_AUT01-DN05_Heart_Tue39L243_10_DDA_2_400-1000mz_msms8_standard.mzML	1	37
111	1	170911_AM_AUT01-DN05_Heart_Tue39L243_10_DDA_3_400-1000mz_msms9_standard.mzML	1	37
112	1	171002_AM_AUT01-DN17_Prostate_Tue39L243_10_DDA_1_400-1000mz_msms22_standard.mzML	1	38
113	1	171002_AM_AUT01-DN17_Prostate_Tue39L243_10_DDA_2_400-1000mz_msms23_standard.mzML	1	38
114	1	171006_AM_AUT01-DN17_Prostate_Tue39L243_10_DDA_3_400-1000mz_msms7_standard.mzML	1	38
115	1	180928_AM_AUT01-DN03_AdrenalGland_Tue39L243_NA_DDA_1_400-1000mz_msms22_Refill.mzML	1	39
116	1	180928_AM_AUT01-DN03_AdrenalGland_Tue39L243_NA_DDA_2_400-1000mz_msms23_Refill.mzML	1	39
117	1	180928_AM_AUT01-DN03_AdrenalGland_Tue39L243_NA_DDA_3_400-1000mz_msms24_Refill.mzML	1	39
118	1	170609_AM_AUT01-DN06_Skin_Tue39L243_10_DDA_1_400-1000mz_msms18_standard.mzML	1	40
119	1	170609_AM_AUT01-DN06_Skin_Tue39L243_10_DDA_2_400-1000mz_msms19_standard.mzML	1	40
120	1	170609_AM_AUT01-DN06_Skin_Tue39L243_10_DDA_3_400-1000mz_msms20_standard.mzML	1	40
121	1	170502_AM_AUT01-DN14_SmallIntestine_Tue39L243_10_DDA_1_400-1000mz_msms19_Jejunum.mzML	1	41
122	1	170502_AM_AUT01-DN14_SmallIntestine_Tue39L243_10_DDA_2_400-1000mz_msms20_Jejunum.mzML	1	41
123	1	170502_AM_AUT01-DN14_SmallIntestine_Tue39L243_10_DDA_3_400-1000mz_msms21_Jejunum.mzML	1	41
124	1	170502_AM_AUT01-DN12_SmallIntestine_Tue39L243_10_DDA_1_400-1000mz_msms34_Jejunum.mzML	1	42
125	1	170502_AM_AUT01-DN12_SmallIntestine_Tue39L243_10_DDA_2_400-1000mz_msms35_Jejunum.mzML	1	42
126	1	170502_AM_AUT01-DN12_SmallIntestine_Tue39L243_10_DDA_3_400-1000mz_msms36_Jejunum.mzML	1	42
127	1	161019_LF_AUT01-DN11_Lung_Tue39L243_10_DDA_1_400-1000mz_msms12_standard.mzML	1	43
128	1	161019_LF_AUT01-DN11_Lung_Tue39L243_10_DDA_2_400-1000mz_msms13_standard.mzML	1	43
129	1	161019_LF_AUT01-DN11_Lung_Tue39L243_10_DDA_3_400-1000mz_msms14_standard.mzML	1	43
130	1	160327_DK_AUT01-DN09_Spleen_Tue39L243_20_DDA_1_400-1000mz_msms22_8ElutionSteps.mzML	1	44
131	1	160327_DK_AUT01-DN09_Spleen_Tue39L243_20_DDA_2_400-1000mz_msms26_8ElutionSteps.mzML	1	44
132	1	160327_DK_AUT01-DN09_Spleen_Tue39L243_20_DDA_3_400-1000mz_msms30_8ElutionSteps.mzML	1	44
133	1	170727_AM_AUT01-DN12_Trachea_Tue39L243_10_DDA_1_400-1000mz_msms8_standard.mzML	1	45
134	1	170727_AM_AUT01-DN12_Trachea_Tue39L243_10_DDA_2_400-1000mz_msms9_standard.mzML	1	45
135	1	170727_AM_AUT01-DN12_Trachea_Tue39L243_10_DDA_3_400-1000mz_msms10_standard.mzML	1	45
136	1	161201_AM_AUT01-DN06_AdrenalGland_Tue39L243_10_DDA_1_400-1000mz_msms22_standard.mzML	1	46
137	1	161201_AM_AUT01-DN06_AdrenalGland_Tue39L243_10_DDA_2_400-1000mz_msms23_standard.mzML	1	46
138	1	161201_AM_AUT01-DN06_AdrenalGland_Tue39L243_10_DDA_3_400-1000mz_msms24_standard.mzML	1	46
139	1	161121_AM_AUT01-DN06_SmallIntestine_Tue39L243_10_DDA_1_400-1000mz_msms15_Jejunum.mzML	1	47
140	1	161121_AM_AUT01-DN06_SmallIntestine_Tue39L243_10_DDA_2_400-1000mz_msms16_Jejunum.mzML	1	47
141	1	161121_AM_AUT01-DN06_SmallIntestine_Tue39L243_10_DDA_3_400-1000mz_msms17_Jejunum.mzML	1	47
142	1	170601_AM_AUT01-DN14_Prostate_Tue39L243_10_DDA_1_400-1000mz_msms20_standard.mzML	1	48
143	1	170601_AM_AUT01-DN14_Prostate_Tue39L243_10_DDA_2_400-1000mz_msms21_standard.mzML	1	48
144	1	170601_AM_AUT01-DN14_Prostate_Tue39L243_10_DDA_3_400-1000mz_msms22_standard.mzML	1	48
145	1	161121_AM_AUT01-DN06_Mamma_Tue39L243_10_DDA_1_400-1000mz_msms27_standard.mzML	1	49
146	1	161121_AM_AUT01-DN06_Mamma_Tue39L243_10_DDA_2_400-1000mz_msms28_standard.mzML	1	49
147	1	161121_AM_AUT01-DN06_Mamma_Tue39L243_10_DDA_3_400-1000mz_msms29_standard.mzML	1	49
148	1	160924_AM_AUT01-DN05_Testis_Tue39L243_10_DDA_1new_400-1000mz_msmsX30_standard.mzML	1	50
149	1	160924_AM_AUT01-DN05_Testis_Tue39L243_10_DDA_2_400-1000mz_msms27_standard.mzML	1	50
150	1	160924_AM_AUT01-DN05_Testis_Tue39L243_10_DDA_3_400-1000mz_msms28_standard.mzML	1	50
151	1	170407_AM_AUT01-DN12_Lung_Tue39L243_10_DDA_1_400-1000mz_msms23_standard.mzML	1	51
152	1	170407_AM_AUT01-DN12_Lung_Tue39L243_10_DDA_2_400-1000mz_msm24_standard.mzML	1	51
153	1	170407_AM_AUT01-DN12_Lung_Tue39L243_10_DDA_3_400-1000mz_msms25_standard.mzML	1	51
154	1	170912_AM_AUT01-DN04_Skin_Tue39L243_10_DDA_1_400-1000mz_msms7_standard.mzML	1	52
155	1	170912_AM_AUT01-DN04_Skin_Tue39L243_10_DDA_2_400-1000mz_msms8_standard.mzML	1	52
156	1	170912_AM_AUT01-DN04_Skin_Tue39L243_10_DDA_3_400-1000mz_msms9_standard.mzML	1	52
157	1	170109_AM_AUT01-DN13_Esophagus_Tue39L243_10_DDA_1_400-1000mz_msms7_standard.mzML	1	53
158	1	170109_AM_AUT01-DN13_Esophagus_Tue39L243_10_DDA_2_400-1000mz_msms8_standard.mzML	1	53
159	1	170109_AM_AUT01-DN13_Esophagus_Tue39L243_10_DDA_3_400-1000mz_msms9_standard.mzML	1	53
160	1	160906_AM_AUT01-DN14_Lung_Tue39L243_10_DDA_1_400-1000mz_msms37_standard.mzML	1	54
161	1	160906_AM_AUT01-DN14_Lung_Tue39L243_10_DDA_2_400-1000mz_msms38_standard.mzML	1	54
162	1	160906_AM_AUT01-DN14_Lung_Tue39L243_10_DDA_3_400-1000mz_msms39_standard.mzML	1	54
163	1	161209_AM_AUT01-DN06_Cerebellum_Tue39L243_10_DDA_1_400-1000mz_msms16_standard.mzML	1	55
164	1	161209_AM_AUT01-DN06_Cerebellum_Tue39L243_10_DDA_2_400-1000mz_msms17_standard.mzML	1	55
165	1	161209_AM_AUT01-DN06_Cerebellum_Tue39L243_10_DDA_3_400-1000mz_msms18_standard.mzML	1	55
166	1	171012_AM_AUT01-DN17_Colon_Tue39L243_10_DDA_1new_400-1000mz_msms34_standard.mzML	1	56
167	1	171012_AM_AUT01-DN17_Colon_Tue39L243_10_DDA_2_400-1000mz_msms15_standard.mzML	1	56
168	1	171012_AM_AUT01-DN17_Colon_Tue39L243_10_DDA_3_400-1000mz_msms16_standard.mzML	1	56
169	1	170517_AM_AUT01-DN12_Ovary_Tue39L243_10_DDA_1_400-1000mz_msms27_standard.mzML	1	57
170	1	170517_AM_AUT01-DN12_Ovary_Tue39L243_10_DDA_2_400-1000mz_msms28_standard.mzML	1	57
171	1	170520_AM_AUT01-DN12_Ovary_Tue39L243_10_DDA_3_400-1000mz_msms22_standard.mzML	1	57
172	1	170911_AM_AUT01-DN05_Skin_Tue39L243_10_DDA_1_400-1000mz_msms19_standard.mzML	1	58
173	1	170911_AM_AUT01-DN05_Skin_Tue39L243_10_DDA_2_400-1000mz_msms20_standard.mzML	1	58
174	1	170911_AM_AUT01-DN05_Skin_Tue39L243_10_DDA_3_400-1000mz_msms21_standard.mzML	1	58
175	1	160805_AM_AUT01-DN09_BoneMarrow_Tue39L243_10_DDA_1_400-1000mz_msms8_standard.mzML	1	59
176	1	160805_AM_AUT01-DN09_BoneMarrow_Tue39L243_10_DDA_2_400-1000mz_msms9_standard.mzML	1	59
177	1	160805_AM_AUT01-DN09_BoneMarrow_Tue39L243_10_DDA_3_400-1000mz_msms10_standard.mzML	1	59
178	1	161111_AM_AUT01-DN11_Cerebellum_Tue39L243_10_DDA_1_400-1000mz_msms33_standard.mzML	1	60
179	1	161111_AM_AUT01-DN11_Cerebellum_Tue39L243_10_DDA_2_400-1000mz_msms34_standard.mzML	1	60
180	1	161111_AM_AUT01-DN11_Cerebellum_Tue39L243_10_DDA_3_400-1000mz_msms35_standard.mzML	1	60
181	1	170810_AM_AUT01-DN14_Trachea_Tue39L243_10_DDA_1_400-1000mz_msms19_standard.mzML	1	61
182	1	170810_AM_AUT01-DN14_Trachea_Tue39L243_10_DDA_2_400-1000mz_msms20_standard.mzML	1	61
183	1	170810_AM_AUT01-DN14_Trachea_Tue39L243_10_DDA_3_400-1000mz_msms21_standard.mzML	1	61
184	1	160913_AM_AUT01-DN04_Spleen_Tue39L243_10_DDA_1_400-1000mz_msms7_standard.mzML	1	62
185	1	160913_AM_AUT01-DN04_Spleen_Tue39L243_10_DDA_2_400-1000mz_msms8_standard.mzML	1	62
186	1	160913_AM_AUT01-DN04_Spleen_Tue39L243_10_DDA_3_400-1000mz_msms9_standard.mzML	1	62
187	1	170609_AM_AUT01-DN14_Stomach_Tue39L243_10_DDA_1_400-1000mz_msms6_standard.mzML	1	63
188	1	170609_AM_AUT01-DN14_Stomach_Tue39L243_10_DDA_2_400-1000mz_msms7_standard.mzML	1	63
189	1	170609_AM_AUT01-DN14_Stomach_Tue39L243_10_DDA_3_400-1000mz_msms8_standard.mzML	1	63
190	1	170513_AM_AUT01-DN15_Aorta_Tue39L243_10_DDA_1_400-1000mz_msms33_standard.mzML	1	64
191	1	170513_AM_AUT01-DN15_Aorta_Tue39L243_10_DDA_2_400-1000mz_msms34_standard.mzML	1	64
192	1	170513_AM_AUT01-DN15_Aorta_Tue39L243_10_DDA_3_400-1000mz_msms35_standard.mzML	1	64
193	1	170520_AM_AUT01-DN12_LymphNode_Tue39L243_10_DDA_1_400-1000mz_msms30_standard.mzML	1	65
194	1	170520_AM_AUT01-DN12_LymphNode_Tue39L243_10_DDA_2_400-1000mz_msms31_standard.mzML	1	65
195	1	170520_AM_AUT01-DN12_LymphNode_Tue39L243_10_DDA_3_400-1000mz_msms32_standard.mzML	1	65
196	1	170102_AM_AUT01-DN13_Heart_Tue39L243_20_DDA_1_400-1000mz_msms44_standard.mzML	1	66
197	1	170102_AM_AUT01-DN13_Heart_Tue39L243_20_DDA_2_400-1000mz_msms45_standard.mzML	1	66
198	1	170102_AM_AUT01-DN13_Heart_Tue39L243_20_DDA_3_400-1000mz_msms46_standard.mzML	1	66
199	1	171124_AM_AUT01-DN11_Prostate_Tue39L243_10_DDA_1_400-1000mz_msms2_standard.mzML	1	67
200	1	171124_AM_AUT01-DN11_Prostate_Tue39L243_10_DDA_2_400-1000mz_msms3_standard.mzML	1	67
201	1	171124_AM_AUT01-DN11_Prostate_Tue39L243_10_DDA_3_400-1000mz_msms4_standard.mzML	1	67
202	1	170102_AM_AUT01-DN11_Thyroid_Tue39L243_10_DDA_1_400-1000mz_msms20_standard.mzML	1	68
203	1	170102_AM_AUT01-DN11_Thyroid_Tue39L243_10_DDA_2_400-1000mz_msms21_standard.mzML	1	68
204	1	170102_AM_AUT01-DN11_Thyroid_Tue39L243_10_DDA_3_400-1000mz_msms22_standard.mzML	1	68
205	1	170905_AM_AUT01-DN12_Muscle_Tue39L243_10_DDA_1_400-1000mz_msms18_standard.mzML	1	69
206	1	170905_AM_AUT01-DN12_Muscle_Tue39L243_10_DDA_2_400-1000mz_msms19_standard.mzML	1	69
207	1	170905_AM_AUT01-DN12_Muscle_Tue39L243_10_DDA_3_400-1000mz_msms20_standard.mzML	1	69
208	1	180117_AM_AUT01-DN17_Skin_Tue39L243_10_DDA_1_400-1000mz_msms41_standard.mzML	1	70
209	1	180117_AM_AUT01-DN17_Skin_Tue39L243_10_DDA_2_400-1000mz_msms42_standard.mzML	1	70
210	1	180117_AM_AUT01-DN17_Skin_Tue39L243_10_DDA_3_400-1000mz_msms43_standard.mzML	1	70
211	1	160927_AM_AUT01-DN04_Thyroid_Tue39L243_10_DDA_1_400-1000mz_msms55_standard.mzML	1	71
212	1	160927_AM_AUT01-DN04_Thyroid_Tue39L243_10_DDA_2_400-1000mz_msms56_standard.mzML	1	71
213	1	160927_AM_AUT01-DN04_Thyroid_Tue39L243_10_DDA_3_400-1000mz_msms57_standard.mzML	1	71
214	1	170625_AM_AUT01-DN14_AdrenalGland_Tue39L243_10_DDA_1_400-1000mz_msms13_standard.mzML	1	72
215	1	170625_AM_AUT01-DN14_AdrenalGland_Tue39L243_10_DDA_2_400-1000mz_msms14_standard.mzML	1	72
216	1	170625_AM_AUT01-DN14_AdrenalGland_Tue39L243_10_DDA_3_400-1000mz_msms15_standard.mzML	1	72
217	1	171002_AM_AUT01-DN17_Thyroid_Tue39L243_10_DDA_1_400-1000mz_msms22_standard.mzML	1	73
218	1	171002_AM_AUT01-DN17_Thyroid_Tue39L243_10_DDA_2_400-1000mz_msms23_standard.mzML	1	73
219	1	171002_AM_AUT01-DN17_Thyroid_Tue39L243_10_DDA_3_400-1000mz_msms24_standard.mzML	1	73
220	1	171228_AM_AUT01-DN11_Kidney_Tue39L243_10_DDA_1_400-1000mz_msms33_standard.mzML	1	74
221	1	171228_AM_AUT01-DN11_Kidney_Tue39L243_10_DDA_2_400-1000mz_msms34_standard.mzML	1	74
222	1	171228_AM_AUT01-DN11_Kidney_Tue39L243_10_DDA_3_400-1000mz_msms35_standard.mzML	1	74
223	1	171006_AM_AUT01-DN17_Esophagus_Tue39L243_10_DDA_1_400-1000mz_msms30_standard.mzML	1	75
224	1	171006_AM_AUT01-DN17_Esophagus_Tue39L243_10_DDA_2_400-1000mz_msms31_standard.mzML	1	75
225	1	171006_AM_AUT01-DN17_Esophagus_Tue39L243_10_DDA_3_400-1000mz_msms32_standard.mzML	1	75
226	1	161218_AM_AUT01-DN08_Bladder_Tue39L243_10_DDA_1_400-1000mz_msms21_standard.mzML	1	76
227	1	161218_AM_AUT01-DN08_Bladder_Tue39L243_10_DDA_2_400-1000mz_msm22_standard.mzML	1	76
228	1	161218_AM_AUT01-DN08_Bladder_Tue39L243_10_DDA_3_400-1000mz_msms23_standard.mzML	1	76
229	1	171109_AM_AUT01-DN11_Bladder_Tue39L243_10_DDA_1_400-1000mz_msms30_standard.mzML	1	77
230	1	171109_AM_AUT01-DN11_Bladder_Tue39L243_10_DDA_2_400-1000mz_msms31_standard.mzML	1	77
231	1	171109_AM_AUT01-DN11_Bladder_Tue39L243_10_DDA_3_400-1000mz_msms32_standard.mzML	1	77
232	1	170715_AM_AUT01-DN15_SmallIntestine_Tue39L243_10_DDA_1_400-1000mz_msms8_standard.mzML	1	78
233	1	170715_AM_AUT01-DN15_SmallIntestine_Tue39L243_10_DDA_2_400-1000mz_msms9_standard.mzML	1	78
234	1	170715_AM_AUT01-DN15_SmallIntestine_Tue39L243_10_DDA_3_400-1000mz_msms10_standard.mzML	1	78
235	1	170817_AM_AUT01-DN11_Tongue_Tue39L243_10_DDA_1_400-1000mz_msms19_standard.mzML	1	79
236	1	170817_AM_AUT01-DN11_Tongue_Tue39L243_10_DDA_2_400-1000mz_msms20_standard.mzML	1	79
237	1	170817_AM_AUT01-DN11_Tongue_Tue39L243_10_DDA_3_400-1000mz_msms21_standard.mzML	1	79
238	1	170827_AM_AUT01-DN12_AdrenalGland_Tue39L243_10_DDA_1_400-1000mz_msms7_standard.mzML	1	80
239	1	170827_AM_AUT01-DN12_AdrenalGland_Tue39L243_10_DDA_2_400-1000mz_msms8_standard.mzML	1	80
240	1	170827_AM_AUT01-DN12_AdrenalGland_Tue39L243_10_DDA_3_400-1000mz_msms9_standard.mzML	1	80
241	1	170704_AM_AUT01-DN12_Bladder_Tue39L243_10_DDA_1_400-1000mz_msms1_standard.mzML	1	81
242	1	170704_AM_AUT01-DN12_Bladder_Tue39L243_10_DDA_2_400-1000mz_msms2_standard.mzML	1	81
243	1	170704_AM_AUT01-DN12_Bladder_Tue39L243_10_DDA_3_400-1000mz_msms3_standard.mzML	1	81
244	1	180529_AM_AUT01-DN09_Colon_Tue39L243_10_DDA_1_400-1000mz_msms16_standard.mzML	1	82
245	1	180529_AM_AUT01-DN09_Colon_Tue39L243_10_DDA_2_400-1000mz_msms17_standard.mzML	1	82
246	1	180529_AM_AUT01-DN09_Colon_Tue39L243_10_DDA_3_400-1000mz_msms18_standard.mzML	1	82
247	1	170918_AM_AUT01-DN09_Prostate_Tue39L243_8_DDA_1_400-1000mz_msms5_standard.mzML	1	83
248	1	170918_AM_AUT01-DN09_Prostate_Tue39L243_8_DDA_2_400-1000mz_msms6_standard.mzML	1	83
249	1	170918_AM_AUT01-DN09_Prostate_Tue39L243_8_DDA_3_400-1000mz_msms7_standard.mzML	1	83
250	1	171116_AM_AUT01-DN11_Muscle_Tue39L243_10_DDA_1new_400-1000mz_msms28_standard.mzML	1	84
251	1	171116_AM_AUT01-DN11_Muscle_Tue39L243_10_DDA_2_400-1000mz_msms24_standard.mzML	1	84
252	1	171116_AM_AUT01-DN11_Muscle_Tue39L243_10_DDA_3_400-1000mz_msms25_standard.mzML	1	84
253	1	170907_AM_AUT01-DN15_Esophagus_Tue39L243_10_DDA_1_400-1000mz_msms7_standard.mzML	1	85
254	1	170907_AM_AUT01-DN15_Esophagus_Tue39L243_10_DDA_2_400-1000mz_msms8_standard.mzML	1	85
255	1	170907_AM_AUT01-DN15_Esophagus_Tue39L243_10_DDA_3_400-1000mz_msms9_standard.mzML	1	85
256	1	170513_AM_AUT01-DN14_Brain_Tue39L243_10_DDA_1_400-1000mz_msms7_standard.mzML	1	86
257	1	170513_AM_AUT01-DN14_Brain_Tue39L243_10_DDA_2_400-1000mz_msms8_standard.mzML	1	86
258	1	170513_AM_AUT01-DN14_Brain_Tue39L243_10_DDA_3_400-1000mz_msms9_standard.mzML	1	86
259	1	170804_AM_AUT01-DN09_Aorta_Tue39L243_10_DDA_1_400-1000mz_msms40_standard.mzML	1	87
260	1	170804_AM_AUT01-DN09_Aorta_Tue39L243_10_DDA_2_400-1000mz_msms41_standard.mzML	1	87
261	1	170804_AM_AUT01-DN09_Aorta_Tue39L243_10_DDA_3_400-1000mz_msms42_standard.mzML	1	87
262	1	170907_AM_AUT01-DN04_Ovary_Tue39L243_10_DDA_1_400-1000mz_msms19_standard.mzML	1	88
263	1	170907_AM_AUT01-DN04_Ovary_Tue39L243_10_DDA_2_400-1000mz_msms20_standard.mzML	1	88
264	1	170907_AM_AUT01-DN04_Ovary_Tue39L243_10_DDA_3_400-1000mz_msms21_standard.mzML	1	88
265	1	170413_AM_AUT01-DN12_Kidney_Tue39L243_10_DDA_1_400-1000mz_msms5_standard.mzML	1	89
266	1	170413_AM_AUT01-DN12_Kidney_Tue39L243_10_DDA_2_400-1000mz_msms6_standard.mzML	1	89
267	1	170413_AM_AUT01-DN12_Kidney_Tue39L243_10_DDA_3_400-1000mz_msms7_standard.mzML	1	89
268	1	170424_AM_AUT01-DN17_BoneMarrow_Tue39L243_10_DDA_1_400-1000mz_msms24_standard.mzML	1	90
269	1	170424_AM_AUT01-DN17_BoneMarrow_Tue39L243_10_DDA_2_400-1000mz_msms25_standard.mzML	1	90
270	1	170424_AM_AUT01-DN17_BoneMarrow_Tue39L243_10_DDA_3_400-1000mz_msms26_standard.mzML	1	90
271	1	160613_DK_AUT01-DN08_Thyroid_Tue39L243_20_DDA_1_400-1000mz_msms7_standard.mzML	1	91
272	1	160613_DK_AUT01-DN08_Thyroid_Tue39L243_20_DDA_2_400-1000mz_msms8_standard.mzML	1	91
273	1	160613_DK_AUT01-DN08_Thyroid_Tue39L243_20_DDA_3_400-1000mz_msms9_standard.mzML	1	91
274	1	160906_AM_AUT01-DN13_Lung_Tue39L243_10_DDA_1_400-1000mz_msms24_standard.mzML	1	92
275	1	160906_AM_AUT01-DN13_Lung_Tue39L243_10_DDA_2_400-1000mz_msms25_standard.mzML	1	92
276	1	160906_AM_AUT01-DN13_Lung_Tue39L243_10_DDA_3_400-1000mz_msms26_standard.mzML	1	92
277	1	171010_AM_AUT01-DN17_Lung_Tue39L243_10_DDA_1_400-1000mz_msms16_standard.mzML	1	93
278	1	171010_AM_AUT01-DN17_Lung_Tue39L243_10_DDA_2_400-1000mz_msms17_standard.mzML	1	93
279	1	171010_AM_AUT01-DN17_Lung_Tue39L243_10_DDA_3_400-1000mz_msms18_standard.mzML	1	93
280	1	160316_DK_AUT01-DN02_SmallIntestine_Tue39L243_8_DDA_1_400-1000mz_msms13_standard.mzML	1	94
281	1	160316_DK_AUT01-DN02_SmallIntestine_Tue39L243_8_DDA_2_400-1000mz_msms14_standard.mzML	1	94
282	1	160316_DK_AUT01-DN02_SmallIntestine_Tue39L243_8_DDA_3_400-1000mz_msms15_standard.mzML	1	94
283	1	160927_AM_AUT01-DN06_Tongue_Tue39L243_10_DDA_1_400-1000mz_msms31_standard.mzML	1	95
284	1	160927_AM_AUT01-DN06_Tongue_Tue39L243_10_DDA_2_400-1000mz_msms32_standard.mzML	1	95
285	1	160927_AM_AUT01-DN06_Tongue_Tue39L243_10_DDA_3_400-1000mz_msms33_standard.mzML	1	95
286	1	161230_AM_AUT01-DN13_LymphNode_Tue39L243_20_DDA_1_400-1000mz_msms23_standard.mzML	1	96
287	1	161230_AM_AUT01-DN13_LymphNode_Tue39L243_20_DDA_2_400-1000mz_msms24_standard.mzML	1	96
288	1	161230_AM_AUT01-DN13_LymphNode_Tue39L243_20_DDA_3_400-1000mz_msms25_standard.mzML	1	96
289	1	180928_AM_AUT01-DN03_Aorta_Tue39L243_NA_DDA_1_400-1000mz_msms8_Refill.mzML	1	97
290	1	180928_AM_AUT01-DN03_Aorta_Tue39L243_NA_DDA_2_400-1000mz_msms9_Refill.mzML	1	97
291	1	180928_AM_AUT01-DN03_Aorta_Tue39L243_NA_DDA_3_400-1000mz_msms10_Refill.mzML	1	97
292	1	170509_AM_AUT01-DN04_Cerebellum_Tue39L243_10_DDA_1_400-1000mz_msms24_standard.mzML	1	98
293	1	170509_AM_AUT01-DN04_Cerebellum_Tue39L243_10_DDA_2_400-1000mz_msms25_standard.mzML	1	98
294	1	170509_AM_AUT01-DN04_Cerebellum_Tue39L243_10_DDA_3_400-1000mz_msms26_standard.mzML	1	98
295	1	160625_DK_AUT01-DN08_SmallIntestine_Tue39L243_20_DDA_1_400-1000mz_msms26_Jejunum.mzML	1	99
296	1	160625_DK_AUT01-DN08_SmallIntestine_Tue39L243_20_DDA_2_400-1000mz_msms27_Jejunum.mzML	1	99
297	1	160625_DK_AUT01-DN08_SmallIntestine_Tue39L243_20_DDA_3_400-1000mz_msms28_Jejunum.mzML	1	99
298	1	160902_AM_AUT01-DN06_Lung_Tue39L243_10_DDA_1_400-1000mz_msms8_standard.mzML	1	100
299	1	160902_AM_AUT01-DN06_Lung_Tue39L243_10_DDA_2_400-1000mz_msms9_standard.mzML	1	100
300	1	160902_AM_AUT01-DN06_Lung_Tue39L243_10_DDA_3_400-1000mz_msms10_standard.mzML	1	100
301	1	191116_AMLM_THY01-DN5_Thymus_Tue39L243_10_DDA_1_400-1000mz_msms17_standard.mzML	1	101
302	1	191116_AMLM_THY01-DN5_Thymus_Tue39L243_10_DDA_2_400-1000mz_msms18_standard.mzML	1	101
303	1	191116_AMLM_THY01-DN5_Thymus_Tue39L243_10_DDA_3_400-1000mz_msms19_standard.mzML	1	101
304	1	170709_AM_AUT01-DN12_Tongue_Tue39L243_10_DDA_1_400-1000mz_msms13_standard.mzML	1	102
305	1	170709_AM_AUT01-DN12_Tongue_Tue39L243_10_DDA_2_400-1000mz_msms14_standard.mzML	1	102
306	1	170709_AM_AUT01-DN12_Tongue_Tue39L243_10_DDA_3_400-1000mz_msms15_standard.mzML	1	102
307	1	160927_AM_AUT01-DN06_Bladder_Tue39L243_10_DDA_1_400-1000mz_msms19_standard.mzML	1	103
308	1	160927_AM_AUT01-DN06_Bladder_Tue39L243_10_DDA_2_400-1000mz_msms20_standard.mzML	1	103
309	1	160927_AM_AUT01-DN06_Bladder_Tue39L243_10_DDA_3_400-1000mz_msms21_standard.mzML	1	103
310	1	170723_AM_AUT01-DN12_Heart_Tue39L243_10_DDA_1_400-1000mz_msms14_standard.mzML	1	104
311	1	170723_AM_AUT01-DN12_Heart_Tue39L243_10_DDA_2_400-1000mz_msms15_standard.mzML	1	104
312	1	170723_AM_AUT01-DN12_Heart_Tue39L243_10_DDA_3_400-1000mz_msms16_standard.mzML	1	104
313	1	180928_AM_AUT01-DN03_Skin_Tue39L243_NA_DDA_1_400-1000mz_msms36_Refill.mzML	1	105
314	1	180928_AM_AUT01-DN03_Skin_Tue39L243_NA_DDA_2_400-1000mz_msms37_Refill.mzML	1	105
315	1	180928_AM_AUT01-DN03_Skin_Tue39L243_NA_DDA_3_400-1000mz_msms38_Refill.mzML	1	105
316	1	170506_AM_AUT01-DN14_Kidney_Tue39L243_10_DDA_1_400-1000mz_msms12_standard.mzML	1	106
317	1	170506_AM_AUT01-DN14_Kidney_Tue39L243_10_DDA_2_400-1000mz_msms13_standard.mzML	1	106
318	1	170506_AM_AUT01-DN14_Kidney_Tue39L243_10_DDA_3_400-1000mz_msms14_standard.mzML	1	106
319	1	160331_DK_AUT01-DN03_Muscle_Tue39L243_8_DDA_1_400-1000mz_msms7_postSCX.mzML	1	107
320	1	160331_DK_AUT01-DN03_Muscle_Tue39L243_8_DDA_2_400-1000mz_msms8_postSCX.mzML	1	107
321	1	160331_DK_AUT01-DN03_Muscle_Tue39L243_8_DDA_3_400-1000mz_msms9_postSCX.mzML	1	107
322	1	170617_AM_AUT01-DN14_Muscle_Tue39L243_10_DDA_1_400-1000mz_msms5_standard.mzML	1	108
323	1	170617_AM_AUT01-DN14_Muscle_Tue39L243_10_DDA_2_400-1000mz_msms6_standard.mzML	1	108
324	1	170617_AM_AUT01-DN14_Muscle_Tue39L243_10_DDA_3_400-1000mz_msms7_standard.mzML	1	108
325	1	171124_AM_AUT01-DN11_Pancreas_Tue39L243_10_DDA_1_400-1000mz_msms27_standard.mzML	1	109
326	1	171124_AM_AUT01-DN11_Pancreas_Tue39L243_10_DDA_2_400-1000mz_msms28_standard.mzML	1	109
327	1	171124_AM_AUT01-DN11_Pancreas_Tue39L243_10_DDA_3_400-1000mz_msms29_standard.mzML	1	109
328	1	161230_AM_AUT01-DN13_SmallIntestine_Tue39L243_10_DDA_1_400-1000mz_msms11_Ischemia-Jejunum.mzML	1	110
329	1	161230_AM_AUT01-DN13_SmallIntestine_Tue39L243_10_DDA_2_400-1000mz_msms12_Ischemia-Jejunum.mzML	1	110
330	1	161230_AM_AUT01-DN13_SmallIntestine_Tue39L243_10_DDA_3_400-1000mz_msms13_Ischemia-Jejunum.mzML	1	110
331	1	181015_AM_AUT01-DN13_SmallIntestine_Tue39L243_10_DDA_1_400-1000mz_msms27_Duodenum.mzML	1	111
332	1	181015_AM_AUT01-DN13_SmallIntestine_Tue39L243_10_DDA_2_400-1000mz_msms28_Duodenum.mzML	1	111
333	1	160927_AM_AUT01-DN06_Brain_Tue39L243_10_DDA_1_400-1000mz_msms43_standard.mzML	1	112
334	1	160927_AM_AUT01-DN06_Brain_Tue39L243_10_DDA_2_400-1000mz_msms44_standard.mzML	1	112
335	1	160927_AM_AUT01-DN06_Brain_Tue39L243_10_DDA_3_400-1000mz_msms45_standard.mzML	1	112
336	1	170802_AM_AUT01-DN04_AdrenalGland_Tue39L243_10_DDA_1_400-1000mz_msms10_standard.mzML	1	113
337	1	170802_AM_AUT01-DN04_AdrenalGland_Tue39L243_10_DDA_2_400-1000mz_msms11_standard.mzML	1	113
338	1	170802_AM_AUT01-DN04_AdrenalGland_Tue39L243_10_DDA_3_400-1000mz_msms12_standard.mzML	1	113
339	1	180530_AM_AUT01-DN09_SmallIntestine_Tue39L243_10_DDA_1_400-1000mz_msms1_standard.mzML	1	114
340	1	180530_AM_AUT01-DN09_SmallIntestine_Tue39L243_10_DDA_2_400-1000mz_msms2_standard.mzML	1	114
341	1	180530_AM_AUT01-DN09_SmallIntestine_Tue39L243_10_DDA_3_400-1000mz_msms3_standard.mzML	1	114
342	1	160316_DK_AUT01-DN02_Thyroid_Tue39L243_8_DDA_1_400-1000mz_msms19_standard.mzML	1	115
343	1	160316_DK_AUT01-DN02_Thyroid_Tue39L243_8_DDA_2_400-1000mz_msms20_standard.mzML	1	115
344	1	160316_DK_AUT01-DN02_Thyroid_Tue39L243_8_DDA_3_400-1000mz_msms21_standard.mzML	1	115
345	1	170612_AM_AUT01-DN14_Thyroid_Tue39L243_10_DDA_1_400-1000mz_msms17_standard.mzML	1	116
346	1	170612_AM_AUT01-DN14_Thyroid_Tue39L243_10_DDA_2_400-1000mz_msms20_standard.mzML	1	116
347	1	170612_AM_AUT01-DN14_Thyroid_Tue39L243_10_DDA_3_400-1000mz_msms21_standard.mzML	1	116
348	1	160902_AM_AUT01-DN06_Thyroid_Tue39L243_10_DDA_1_400-1000mz_msms20_standard.mzML	1	117
349	1	160902_AM_AUT01-DN06_Thyroid_Tue39L243_10_DDA_2_400-1000mz_msms21_standard.mzML	1	117
350	1	160902_AM_AUT01-DN06_Thyroid_Tue39L243_10_DDA_3_400-1000mz_msms22_standard.mzML	1	117
351	1	191129_AMLM_THY01-DN6_Thymus_Tue39L243_10_DDA_1_400-1000mz_msms11_standard.mzML	1	118
352	1	191129_AMLM_THY01-DN6_Thymus_Tue39L243_10_DDA_2_400-1000mz_msms12_standard.mzML	1	118
353	1	191129_AMLM_THY01-DN6_Thymus_Tue39L243_10_DDA_3_400-1000mz_msms13_standard.mzML	1	118
354	1	170407_AM_AUT01-DN13_Tongue_Tue39L243_10_DDA_1_400-1000mz_msms6_standard.mzML	1	119
355	1	170407_AM_AUT01-DN13_Tongue_Tue39L243_10_DDA_2_400-1000mz_msm7_standard.mzML	1	119
356	1	170407_AM_AUT01-DN13_Tongue_Tue39L243_10_DDA_3_400-1000mz_msms8_standard.mzML	1	119
357	1	160716_AM_AUT01-DN09_LymphNode_Tue39L243_20_DDA_1_400-1000mz_msms42_standard.mzML	1	120
358	1	160716_AM_AUT01-DN09_LymphNode_Tue39L243_20_DDA_2_400-1000mz_msms43_standard.mzML	1	120
359	1	160716_AM_AUT01-DN09_LymphNode_Tue39L243_20_DDA_3_400-1000mz_msms44_standard.mzML	1	120
360	1	160316_DK_AUT01-DN02_Brain_Tue39L243_8_DDA_1_400-1000mz_msms7_standard.mzML	1	121
361	1	160316_DK_AUT01-DN02_Brain_Tue39L243_8_DDA_2_400-1000mz_msms8_standard.mzML	1	121
362	1	160316_DK_AUT01-DN02_Brain_Tue39L243_8_DDA_3_400-1000mz_msms9_standard.mzML	1	121
363	1	161119_AM_AUT01-DN13_BoneMarrow_Tue39L243_10_DDA_1_400-1000mz_msms19_standard.mzML	1	122
364	1	161119_AM_AUT01-DN13_BoneMarrow_Tue39L243_10_DDA_2_400-1000mz_msms20_standard.mzML	1	122
365	1	161119_AM_AUT01-DN13_BoneMarrow_Tue39L243_10_DDA_3_400-1000mz_msms21_standard.mzML	1	122
366	1	171230_AM_AUT01-DN11_Esophagus_Tue39L243_10_DDA_1_400-1000mz_msms22_standard.mzML	1	123
367	1	171230_AM_AUT01-DN11_Esophagus_Tue39L243_10_DDA_2_400-1000mz_msms23_standard.mzML	1	123
368	1	171230_AM_AUT01-DN11_Esophagus_Tue39L243_10_DDA_3_400-1000mz_msms24_standard.mzML	1	123
369	1	170810_AM_AUT01-DN15_Bladder_Tue39L243_10_DDA_1_400-1000mz_msms7_standard.mzML	1	124
370	1	170810_AM_AUT01-DN15_Bladder_Tue39L243_10_DDA_2_400-1000mz_msms8_standard.mzML	1	124
371	1	170810_AM_AUT01-DN15_Bladder_Tue39L243_10_DDA_3_400-1000mz_msms9_standard.mzML	1	124
372	1	170520_AM_AUT01-DN12_Cerebellum_Tue39L243_10_DDA_1_400-1000mz_msms10_standard.mzML	1	125
373	1	170520_AM_AUT01-DN12_Cerebellum_Tue39L243_10_DDA_2_400-1000mz_msms11_standard.mzML	1	125
374	1	170520_AM_AUT01-DN12_Cerebellum_Tue39L243_10_DDA_3_400-1000mz_msms12_standard.mzML	1	125
375	1	160806_AM_AUT01-DN05_Lung_Tue39L243_10_DDA_1_400-1000mz_msms16_standard.mzML	1	126
376	1	160806_AM_AUT01-DN05_Lung_Tue39L243_10_DDA_2_400-1000mz_msms17_standard.mzML	1	126
377	1	160806_AM_AUT01-DN05_Lung_Tue39L243_10_DDA_3_400-1000mz_msms18_standard.mzML	1	126
378	1	171002_AM_AUT01-DN17_Liver_Tue39L243_10_DDA_1_400-1000mz_msms10_standard.mzML	1	127
379	1	171002_AM_AUT01-DN17_Liver_Tue39L243_10_DDA_2_400-1000mz_msms11_standard.mzML	1	127
380	1	171002_AM_AUT01-DN17_Liver_Tue39L243_10_DDA_3_400-1000mz_msms12_standard.mzML	1	127
381	1	171230_AM_AUT01-DN11_Aorta_Tue39L243_10_DDA_1_400-1000mz_msms8_standard.mzML	1	128
382	1	171230_AM_AUT01-DN11_Aorta_Tue39L243_10_DDA_2_400-1000mz_msms9_standard.mzML	1	128
383	1	171230_AM_AUT01-DN11_Aorta_Tue39L243_10_DDA_3_400-1000mz_msms10_standard.mzML	1	128
384	1	170603_AM_AUT01-DN12_Stomach_Tue39L243_10_DDA_1_400-1000mz_msms29_standard.mzML	1	129
385	1	170603_AM_AUT01-DN12_Stomach_Tue39L243_10_DDA_2_400-1000mz_msms30_standard.mzML	1	129
386	1	170603_AM_AUT01-DN12_Stomach_Tue39L243_10_DDA_3_400-1000mz_msms31_standard.mzML	1	129
387	1	180921_AM_AUT01-DN09_Pancreas_Tue39L243_10_DDA_1_400-1000mz_msms17_standard.mzML	1	130
388	1	180921_AM_AUT01-DN09_Pancreas_Tue39L243_10_DDA_2_400-1000mz_msms18_standard.mzML	1	130
389	1	180921_AM_AUT01-DN09_Pancreas_Tue39L243_10_DDA_3_400-1000mz_msms19_standard.mzML	1	130
390	1	160316_DK_AUT01-DN02_Bladder_Tue39L243_8_DDA_1_400-1000mz_msms25_standard.mzML	1	131
391	1	160316_DK_AUT01-DN02_Bladder_Tue39L243_8_DDA_2_400-1000mz_msms26_standard.mzML	1	131
392	1	160316_DK_AUT01-DN02_Bladder_Tue39L243_8_DDA_3_400-1000mz_msms27_standard.mzML	1	131
393	1	170821_AM_AUT01-DN11_AdrenalGland_Tue39L243_10_DDA_1_400-1000mz_msms12_standard.mzML	1	132
394	1	170821_AM_AUT01-DN11_AdrenalGland_Tue39L243_10_DDA_2_400-1000mz_msms13_standard.mzML	1	132
395	1	170821_AM_AUT01-DN11_AdrenalGland_Tue39L243_10_DDA_3_400-1000mz_msms14_standard.mzML	1	132
396	1	170912_AM_AUT01-DN04_Pancreas_Tue39L243_10_DDA_1_400-1000mz_msms19_standard.mzML	1	133
397	1	170912_AM_AUT01-DN04_Pancreas_Tue39L243_10_DDA_2_400-1000mz_msms20_standard.mzML	1	133
398	1	170912_AM_AUT01-DN04_Pancreas_Tue39L243_10_DDA_3_400-1000mz_msms21_standard.mzML	1	133
399	1	160803_AM_AUT01-DN09_Liver_Tue39L243_10_DDA_1_400-1000mz_msms19_standard.mzML	1	134
400	1	160803_AM_AUT01-DN09_Liver_Tue39L243_10_DDA_2_400-1000mz_msms20_standard.mzML	1	134
401	1	160803_AM_AUT01-DN09_Liver_Tue39L243_10_DDA_3_400-1000mz_msms21_standard.mzML	1	134
402	1	180122_AM_AUT01-DN08_Tongue_Tue39L243_10_DDA_1_400-1000mz_msms18_standard.mzML	1	135
403	1	180122_AM_AUT01-DN08_Tongue_Tue39L243_10_DDA_2_400-1000mz_msms19_standard.mzML	1	135
404	1	180122_AM_AUT01-DN08_Tongue_Tue39L243_10_DDA_3_400-1000mz_msm20_standard.mzML	1	135
405	1	160625_DK_AUT01-DN08_Kidney_Tue39L243_20_DDA_1_400-1000mz_msms38_standard.mzML	1	136
406	1	160625_DK_AUT01-DN08_Kidney_Tue39L243_20_DDA_2_400-1000mz_msms39_standard.mzML	1	136
407	1	160625_DK_AUT01-DN08_Kidney_Tue39L243_20_DDA_3_400-1000mz_msms40_standard.mzML	1	136
408	1	161212_AM_AUT01-DN06_Trachea_Tue39L243_10_DDA_1_400-1000mz_msms8_standard.mzML	1	137
409	1	161212_AM_AUT01-DN06_Trachea_Tue39L243_10_DDA_2_400-1000mz_msms9_standard.mzML	1	137
410	1	161212_AM_AUT01-DN06_Trachea_Tue39L243_10_DDA_3_400-1000mz_msms10_standard.mzML	1	137
411	1	161201_AM_AUT01-DN13_Testis_Tue39L243_10_DDA_2_400-1000mz_msms45_standard.mzML	1	138
412	1	161201_AM_AUT01-DN13_Testis_Tue39L243_10_DDA_3_400-1000mz_msms46_standard.mzML	1	138
413	1	161209_AM_AUT01-DN13_Testis_Tue39L243_10_DDA_1new_400-1000mz_msms38_standard.mzML	1	138
414	1	161016_LF_AUT01-DN09_Skin_Tue39L243_10_DDA_1_400-1000mz_msms34_standard.mzML	1	139
415	1	161016_LF_AUT01-DN09_Skin_Tue39L243_10_DDA_2_400-1000mz_msms35_standard.mzML	1	139
416	1	161016_LF_AUT01-DN09_Skin_Tue39L243_10_DDA_3_400-1000mz_msms36_standard.mzML	1	139
417	1	160801_AM_AUT01-DN05_Liver_Tue39L243_10_DDA_1_400-1000mz_msms10_standard.mzML	1	140
418	1	160801_AM_AUT01-DN05_Liver_Tue39L243_10_DDA_2_400-1000mz_msms11_standard.mzML	1	140
419	1	160801_AM_AUT01-DN05_Liver_Tue39L243_10_DDA_3_400-1000mz_msms12_standard.mzML	1	140
420	1	170107_AM_AUT01-DN13_Cerebellum_Tue39L243_10_DDA_1_400-1000mz_msms19_standard.mzML	1	141
421	1	170107_AM_AUT01-DN13_Cerebellum_Tue39L243_10_DDA_2_400-1000mz_msms20_standard.mzML	1	141
422	1	170107_AM_AUT01-DN13_Cerebellum_Tue39L243_10_DDA_3_400-1000mz_msms21_standard.mzML	1	141
423	1	161016_LF_AUT01-DN09_Brain_Tue39L243_10_DDA_1_400-1000mz_msms2_standard.mzML	1	142
424	1	161016_LF_AUT01-DN09_Brain_Tue39L243_10_DDA_2_400-1000mz_msms21_standard.mzML	1	142
425	1	161016_LF_AUT01-DN09_Brain_Tue39L243_10_DDA_3_400-1000mz_msms22_standard.mzML	1	142
426	1	161115_AM_AUT01-DN08_Colon_Tue39L243_10_DDA_1_400-1000mz_msms41_standard.mzML	1	143
427	1	161115_AM_AUT01-DN08_Colon_Tue39L243_10_DDA_2_400-1000mz_msms42_standard.mzML	1	143
428	1	161115_AM_AUT01-DN08_Colon_Tue39L243_10_DDA_3_400-1000mz_msms43_standard.mzML	1	143
429	1	170509_AM_AUT01-DN04_Brain_Tue39L243_10_DDA_1_400-1000mz_msms11_standard.mzML	1	144
430	1	170509_AM_AUT01-DN04_Brain_Tue39L243_10_DDA_2_400-1000mz_msms12_standard.mzML	1	144
431	1	170509_AM_AUT01-DN04_Brain_Tue39L243_10_DDA_3_400-1000mz_msms13_standard.mzML	1	144
432	1	161021_AM_AUT01-DN09_Cerebellum_Tue39L243_10_DDA_1_400-1000mz_msms17_standard.mzML	1	145
433	1	161021_AM_AUT01-DN09_Cerebellum_Tue39L243_10_DDA_2_400-1000mz_msms18_standard.mzML	1	145
434	1	161021_AM_AUT01-DN09_Cerebellum_Tue39L243_10_DDA_3_400-1000mz_msms19_standard.mzML	1	145
435	1	160906_AM_AUT01-DN09_Thyroid_Tue39L243_10_DDA_1_400-1000mz_msms61_standard.mzML	1	146
436	1	160906_AM_AUT01-DN09_Thyroid_Tue39L243_10_DDA_2_400-1000mz_msms62_standard.mzML	1	146
437	1	160906_AM_AUT01-DN09_Thyroid_Tue39L243_10_DDA_3_400-1000mz_msms63_standard.mzML	1	146
438	1	161126_AM_AUT01-DN13_Thyroid_Tue39L243_10_DDA_1_400-1000mz_msms20_standard.mzML	1	147
439	1	161126_AM_AUT01-DN13_Thyroid_Tue39L243_10_DDA_2_400-1000mz_msms21_standard.mzML	1	147
440	1	161126_AM_AUT01-DN13_Thyroid_Tue39L243_10_DDA_3_400-1000mz_msms22_standard.mzML	1	147
441	1	180108_AM_AUT01-DN11_Trachea_Tue39L243_10_DDA_1_400-1000mz_msms35_standard.mzML	1	148
442	1	180108_AM_AUT01-DN11_Trachea_Tue39L243_10_DDA_2_400-1000mz_msms36_standard.mzML	1	148
443	1	180108_AM_AUT01-DN11_Trachea_Tue39L243_10_DDA_3_400-1000mz_msms37_standard.mzML	1	148
444	1	171106_AM_AUT01-DN11_Testis_Tue39L243_10_DDA_1_400-1000mz_msms4_standard.mzML	1	149
445	1	171106_AM_AUT01-DN11_Testis_Tue39L243_10_DDA_2_400-1000mz_msms5_standard.mzML	1	149
446	1	171106_AM_AUT01-DN11_Testis_Tue39L243_10_DDA_3_400-1000mz_msms6_standard.mzML	1	149
447	1	160924_AM_AUT01-DN09_Tongue_Tue39L243_10_DDA_1_400-1000mz_msms10_standard.mzML	1	150
448	1	160924_AM_AUT01-DN09_Tongue_Tue39L243_10_DDA_2_400-1000mz_msms11_standard.mzML	1	150
449	1	160924_AM_AUT01-DN09_Tongue_Tue39L243_10_DDA_3_400-1000mz_msms12_standard.mzML	1	150
450	1	170413_AM_AUT01-DN12_Liver_Tue39L243_10_DDA_1_400-1000mz_msms24_standard.mzML	1	151
451	1	170413_AM_AUT01-DN12_Liver_Tue39L243_10_DDA_2_400-1000mz_msms25_standard.mzML	1	151
452	1	170413_AM_AUT01-DN12_Liver_Tue39L243_10_DDA_3_400-1000mz_msms26_standard.mzML	1	151
453	1	170506_AM_AUT01-DN14_Liver_Tue39L243_10_DDA_1_400-1000mz_msms37_standard.mzML	1	152
454	1	170506_AM_AUT01-DN14_Liver_Tue39L243_10_DDA_2_400-1000mz_msms38_standard.mzML	1	152
455	1	170506_AM_AUT01-DN14_Liver_Tue39L243_10_DDA_3_400-1000mz_msms39_standard.mzML	1	152
456	1	170418_AM_AUT01-DN12_Colon_Tue39L243_10_DDA_1_400-1000mz_msms19_standard.mzML	1	153
457	1	170418_AM_AUT01-DN12_Colon_Tue39L243_10_DDA_2_400-1000mz_msms20_standard.mzML	1	153
458	1	170418_AM_AUT01-DN12_Colon_Tue39L243_10_DDA_3_400-1000mz_msms21_standard.mzML	1	153
459	1	170807_AM_AUT01-DN08_Esophagus_Tue39L243_10_DDA_1_400-1000mz_msms7_standard.mzML	1	154
460	1	170807_AM_AUT01-DN08_Esophagus_Tue39L243_10_DDA_2_400-1000mz_msms8_standard.mzML	1	154
461	1	170807_AM_AUT01-DN08_Esophagus_Tue39L243_10_DDA_3_400-1000mz_msms9_standard.mzML	1	154
462	1	161021_AM_AUT01-DN09_Esophagus_Tue39L243_10_DDA_1_400-1000mz_msms29_standard.mzML	1	155
463	1	161021_AM_AUT01-DN09_Esophagus_Tue39L243_10_DDA_2_400-1000mz_msms30_standard.mzML	1	155
464	1	161021_AM_AUT01-DN09_Esophagus_Tue39L243_10_DDA_3_400-1000mz_msms31_standard.mzML	1	155
465	1	161130_AM_AUT01-DN13_Spleen_Tue39L243_10_DDA_1_400-1000mz_msms8_standard.mzML	1	156
466	1	161130_AM_AUT01-DN13_Spleen_Tue39L243_10_DDA_2_400-1000mz_msms9_standard.mzML	1	156
467	1	161130_AM_AUT01-DN13_Spleen_Tue39L243_10_DDA_3_400-1000mz_msms10_standard.mzML	1	156
468	1	170206_AM_AUT01-DN13_Trachea_Tue39L243_10_DDA_1_400-1000mz_msms26_standard.mzML	1	157
469	1	170206_AM_AUT01-DN13_Trachea_Tue39L243_10_DDA_2_400-1000mz_msms27_standard.mzML	1	157
470	1	170206_AM_AUT01-DN13_Trachea_Tue39L243_10_DDA_3_400-1000mz_msms28_standard.mzML	1	157
471	1	171116_AM_AUT01-DN11_Heart_Tue39L243_10_DDA_1_400-1000mz_msms11_standard.mzML	1	158
472	1	171116_AM_AUT01-DN11_Heart_Tue39L243_10_DDA_2_400-1000mz_msms12_standard.mzML	1	158
473	1	171116_AM_AUT01-DN11_Heart_Tue39L243_10_DDA_3_400-1000mz_msms13_standard.mzML	1	158
474	1	161115_AM_AUT01-DN06_Colon_Tue39L243_10_DDA_1_400-1000mz_msms29_standard.mzML	1	159
475	1	161115_AM_AUT01-DN06_Colon_Tue39L243_10_DDA_2_400-1000mz_msms30_standard.mzML	1	159
476	1	161115_AM_AUT01-DN06_Colon_Tue39L243_10_DDA_3_400-1000mz_msms31_standard.mzML	1	159
477	1	160325_DK_AUT01-DN08_Spleen_Tue39L243_20_DDA_1_400-1000mz_msms11_SpeedVac.mzML	1	160
478	1	160325_DK_AUT01-DN08_Spleen_Tue39L243_20_DDA_2_400-1000mz_msms13_SpeedVac.mzML	1	160
479	1	160325_DK_AUT01-DN08_Spleen_Tue39L243_20_DDA_3_400-1000mz_msms15_SpeedVac.mzML	1	160
480	1	160902_AM_AUT01-DN06_BoneMarrow_Tue39L243_10_DDA_1_400-1000mz_msms32_standard.mzML	1	161
481	1	160902_AM_AUT01-DN06_BoneMarrow_Tue39L243_10_DDA_2_400-1000mz_msms33_standard.mzML	1	161
482	1	160902_AM_AUT01-DN06_BoneMarrow_Tue39L243_10_DDA_3_400-1000mz_msms34_standard.mzML	1	161
483	1	170421_AM_AUT01-DN14_BoneMarrow_Tue39L243_10_DDA_1_400-1000mz_msms28_standard.mzML	1	162
484	1	170421_AM_AUT01-DN14_BoneMarrow_Tue39L243_10_DDA_2_400-1000mz_msms29_standard.mzML	1	162
485	1	170421_AM_AUT01-DN14_BoneMarrow_Tue39L243_10_DDA_3_400-1000mz_msms30_standard.mzML	1	162
486	1	170912_AM_AUT01-DN04_Uterus_Tue39L243_10_DDA_1_400-1000mz_msms31_standard.mzML	1	163
487	1	170912_AM_AUT01-DN04_Uterus_Tue39L243_10_DDA_2_400-1000mz_msms32_standard.mzML	1	163
488	1	170912_AM_AUT01-DN04_Uterus_Tue39L243_10_DDA_3_400-1000mz_msms33_standard.mzML	1	163
489	1	170907_AM_AUT01-DN04_Heart_Tue39L243_10_DDA_1_400-1000mz_msms19_standard.mzML	1	164
490	1	170907_AM_AUT01-DN04_Heart_Tue39L243_10_DDA_2_400-1000mz_msms20_standard.mzML	1	164
491	1	170907_AM_AUT01-DN04_Heart_Tue39L243_10_DDA_3_400-1000mz_msms21_standard.mzML	1	164
492	1	180108_AM_AUT01-DN17_Muscle_Tue39L243_10_DDA_1_400-1000mz_msms14_standard.mzML	1	165
493	1	180108_AM_AUT01-DN17_Muscle_Tue39L243_10_DDA_2_400-1000mz_msms15_standard.mzML	1	165
494	1	180108_AM_AUT01-DN17_Muscle_Tue39L243_10_DDA_3_400-1000mz_msms16_standard.mzML	1	165
495	1	180921_AM_AUT01-DN03_Brain_Tue39L243_NA_DDA_1_400-1000mz_msms31_Refill.mzML	1	166
496	1	180921_AM_AUT01-DN03_Brain_Tue39L243_NA_DDA_2_400-1000mz_msms32_Refill.mzML	1	166
497	1	180921_AM_AUT01-DN03_Brain_Tue39L243_NA_DDA_3_400-1000mz_msms33_Refill.mzML	1	166
498	1	160803_AM_AUT01-DN06_Liver_Tue39L243_10_DDA_1_400-1000mz_msms7_standard.mzML	1	167
499	1	160803_AM_AUT01-DN06_Liver_Tue39L243_10_DDA_2_400-1000mz_msms8_standard.mzML	1	167
500	1	160803_AM_AUT01-DN06_Liver_Tue39L243_10_DDA_3_400-1000mz_msms9_standard.mzML	1	167
501	1	161016_LF_AUT01-DN09_Stomach_Tue39L243_10_DDA_1_400-1000mz_msms10_standard.mzML	1	168
502	1	161016_LF_AUT01-DN09_Stomach_Tue39L243_10_DDA_2_400-1000mz_msms11_standard.mzML	1	168
503	1	161016_LF_AUT01-DN09_Stomach_Tue39L243_10_DDA_3_400-1000mz_msms12_standard.mzML	1	168
504	1	161002_AM_AUT01-DN09_Muscle_Tue39L243_10_DDA_1_400-1000mz_msms7_standard.mzML	1	169
505	1	161002_AM_AUT01-DN09_Muscle_Tue39L243_10_DDA_2_400-1000mz_msms8_standard.mzML	1	169
506	1	161002_AM_AUT01-DN09_Muscle_Tue39L243_10_DDA_3_400-1000mz_msms9_standard.mzML	1	169
507	1	161004_AM_AUT01-DN08_Aorta_Tue39L243_10_DDA_1_400-1000mz_msms5_standard.mzML	1	170
508	1	161004_AM_AUT01-DN08_Aorta_Tue39L243_10_DDA_2_400-1000mz_msms6_standard.mzML	1	170
509	1	161004_AM_AUT01-DN08_Aorta_Tue39L243_10_DDA_3_400-1000mz_msms7_standard.mzML	1	170
510	1	161126_AM_AUT01-DN13_Kidney_Tue39L243_10_DDA_1_400-1000mz_msms8_standard.mzML	1	171
511	1	161126_AM_AUT01-DN13_Kidney_Tue39L243_10_DDA_2_400-1000mz_msms9_standard.mzML	1	171
512	1	161126_AM_AUT01-DN13_Kidney_Tue39L243_10_DDA_3_400-1000mz_msms10_standard.mzML	1	171
513	1	170107_AM_AUT01-DN13_Aorta_Tue39L243_10_DDA_1_400-1000mz_msms31_standard.mzML	1	172
514	1	170107_AM_AUT01-DN13_Aorta_Tue39L243_10_DDA_2_400-1000mz_msms32_standard.mzML	1	172
515	1	170107_AM_AUT01-DN13_Aorta_Tue39L243_10_DDA_3_400-1000mz_msms33_standard.mzML	1	172
516	1	170424_AM_AUT01-DN15_BoneMarrow_Tue39L243_10_DDA_1_400-1000mz_msms11_standard.mzML	1	173
517	1	170424_AM_AUT01-DN15_BoneMarrow_Tue39L243_10_DDA_2_400-1000mz_msms12_standard.mzML	1	173
518	1	170424_AM_AUT01-DN15_BoneMarrow_Tue39L243_10_DDA_3_400-1000mz_msms13_standard.mzML	1	173
519	1	180117_AM_AUT01-DN17_Bladder_Tue39L243_10_DDA_1_400-1000mz_msms27_standard.mzML	1	174
520	1	180117_AM_AUT01-DN17_Bladder_Tue39L243_10_DDA_2_400-1000mz_msms28_standard.mzML	1	174
521	1	180117_AM_AUT01-DN17_Bladder_Tue39L243_10_DDA_3_400-1000mz_msms29_standard.mzML	1	174
522	1	180122_AM_AUT01-DN06_Stomach_Tue39L243_10_DDA_1_400-1000mz_msms32_standard.mzML	1	175
523	1	180122_AM_AUT01-DN06_Stomach_Tue39L243_10_DDA_2_400-1000mz_msms33_standard.mzML	1	175
524	1	180122_AM_AUT01-DN06_Stomach_Tue39L243_10_DDA_3_400-1000mz_msms34_standard.mzML	1	175
525	1	170814_AM_AUT01-DN15_Cerebellum_Tue39L243_10_DDA_1_400-1000mz_msms19_standard.mzML	1	176
526	1	170814_AM_AUT01-DN15_Cerebellum_Tue39L243_10_DDA_2_400-1000mz_msms20_standard.mzML	1	176
527	1	170814_AM_AUT01-DN15_Cerebellum_Tue39L243_10_DDA_3_400-1000mz_msms21_standard.mzML	1	176
528	1	170524_AM_AUT01-DN06_Kidney_Tue39L243_10_DDA_1_400-1000mz_msms11_standard.mzML	1	177
529	1	170524_AM_AUT01-DN06_Kidney_Tue39L243_10_DDA_2_400-1000mz_msms12_standard.mzML	1	177
530	1	170524_AM_AUT01-DN06_Kidney_Tue39L243_10_DDA_3_400-1000mz_msms13_standard.mzML	1	177
531	1	170625_AM_AUT01-DN15_Liver_Tue39L243_10_DDA_1_400-1000mz_msms7_standard.mzML	1	178
532	1	170625_AM_AUT01-DN15_Liver_Tue39L243_10_DDA_2_400-1000mz_msms8_standard.mzML	1	178
533	1	170625_AM_AUT01-DN15_Liver_Tue39L243_10_DDA_3_400-1000mz_msms9_standard.mzML	1	178
534	1	170929_AM_AUT01-DN17_Testis_Tue39L243_10_DDA_1_400-1000mz_msms24_standard.mzML	1	179
535	1	170929_AM_AUT01-DN17_Testis_Tue39L243_10_DDA_2_400-1000mz_msms25_standard.mzML	1	179
536	1	170929_AM_AUT01-DN17_Testis_Tue39L243_10_DDA_3_400-1000mz_msms26_standard.mzML	1	179
537	1	171021_AM_AUT01-DN17_Aorta_Tue39L243_10_DDA_1_400-1000mz_msms18_standard.mzML	1	180
538	1	171021_AM_AUT01-DN17_Aorta_Tue39L243_10_DDA_2_400-1000mz_msms19_standard.mzML	1	180
539	1	171021_AM_AUT01-DN17_Aorta_Tue39L243_10_DDA_3_400-1000mz_msms20_standard.mzML	1	180
540	1	170705_AM_AUT01-DN06_Esophagus_Tue39L243_10_DDA_1_400-1000mz_msms7_standard.mzML	1	181
541	1	170705_AM_AUT01-DN06_Esophagus_Tue39L243_10_DDA_2_400-1000mz_msms8_standard.mzML	1	181
542	1	170705_AM_AUT01-DN06_Esophagus_Tue39L243_10_DDA_3_400-1000mz_msms9_standard.mzML	1	181
543	1	160316_DK_AUT01-DN02_Myelon_Tue39L243_8_DDA_1_400-1000mz_msms31_standard.mzML	1	182
544	1	160316_DK_AUT01-DN02_Myelon_Tue39L243_8_DDA_2_400-1000mz_msms32_standard.mzML	1	182
545	1	160316_DK_AUT01-DN02_Myelon_Tue39L243_8_DDA_3_400-1000mz_msms33_standard.mzML	1	182
546	1	170102_AM_AUT01-DN13_Pancreas_Tue39L243_20_DDA_1_400-1000mz_msms32_standard.mzML	1	183
547	1	170102_AM_AUT01-DN13_Pancreas_Tue39L243_20_DDA_2_400-1000mz_msms33_standard.mzML	1	183
548	1	170102_AM_AUT01-DN13_Pancreas_Tue39L243_20_DDA_3_400-1000mz_msms34_standard.mzML	1	183
549	1	161218_AM_AUT01-DN11_SmallIntestine_Tue39L243_10_DDA_1_400-1000mz_msms7_Jejunum.mzML	1	184
550	1	161218_AM_AUT01-DN11_SmallIntestine_Tue39L243_10_DDA_2_400-1000mz_msms8_Jejunum.mzML	1	184
551	1	161218_AM_AUT01-DN11_SmallIntestine_Tue39L243_10_DDA_3_400-1000mz_msms9_Jejunum.mzML	1	184
552	1	170823_AM_AUT01-DN14_Gallbladder_Tue39L243_10_DDA_1_400-1000mz_msms23_standard.mzML	1	185
553	1	170823_AM_AUT01-DN14_Gallbladder_Tue39L243_10_DDA_2_400-1000mz_msms24_standard.mzML	1	185
554	1	170823_AM_AUT01-DN14_Gallbladder_Tue39L243_10_DDA_3_400-1000mz_msms25_standard.mzML	1	185
555	1	170814_AM_AUT01-DN15_Colon_Tue39L243_10_DDA_1_400-1000mz_msms31_standard.mzML	1	186
556	1	170814_AM_AUT01-DN15_Colon_Tue39L243_10_DDA_2_400-1000mz_msms32_standard.mzML	1	186
557	1	170814_AM_AUT01-DN15_Colon_Tue39L243_10_DDA_3_400-1000mz_msms33_standard.mzML	1	186
558	1	170424_AM_AUT01-DN12_Brain_Tue39L243_10_DDA_1_400-1000mz_msms36_standard.mzML	1	187
559	1	170424_AM_AUT01-DN12_Brain_Tue39L243_10_DDA_2_400-1000mz_msms37_standard.mzML	1	187
560	1	170424_AM_AUT01-DN12_Brain_Tue39L243_10_DDA_3_400-1000mz_msms38_standard.mzML	1	187
561	1	170623_AM_AUT01-DN15_Lung_Tue39L243_10_DDA_1_400-1000mz_msms7_standard.mzML	1	188
562	1	170623_AM_AUT01-DN15_Lung_Tue39L243_10_DDA_2_400-1000mz_msms8_standard.mzML	1	188
563	1	170623_AM_AUT01-DN15_Lung_Tue39L243_10_DDA_3_400-1000mz_msms9_standard.mzML	1	188
564	1	170615_AM_AUT01-DN15_AdrenalGland_Tue39L243_10_DDA_1_400-1000mz_msms7_standard.mzML	1	189
565	1	170615_AM_AUT01-DN15_AdrenalGland_Tue39L243_10_DDA_2_400-1000mz_msms8_standard.mzML	1	189
566	1	170615_AM_AUT01-DN15_AdrenalGland_Tue39L243_10_DDA_3_400-1000mz_msms9_standard.mzML	1	189
567	1	171124_AM_AUT01-DN11_Gallbladder_Tue39L243_10_DDA_1_400-1000mz_msms14_standard.mzML	1	190
568	1	171124_AM_AUT01-DN11_Gallbladder_Tue39L243_10_DDA_2_400-1000mz_msms15_standard.mzML	1	190
569	1	171124_AM_AUT01-DN11_Gallbladder_Tue39L243_10_DDA_3_400-1000mz_msms16_standard.mzML	1	190
570	1	170107_AM_AUT01-DN13_Prostate_Tue39L243_10_DDA_1_400-1000mz_msms7_standard.mzML	1	191
571	1	170107_AM_AUT01-DN13_Prostate_Tue39L243_10_DDA_2_400-1000mz_msms8_standard.mzML	1	191
572	1	170107_AM_AUT01-DN13_Prostate_Tue39L243_10_DDA_3_400-1000mz_msms9_standard.mzML	1	191
573	1	170915_AM_AUT01-DN11_Stomach_Tue39L243_10_DDA_1_400-1000mz_msms7_standard.mzML	1	192
574	1	170915_AM_AUT01-DN11_Stomach_Tue39L243_10_DDA_2_400-1000mz_msms8_standard.mzML	1	192
575	1	170915_AM_AUT01-DN11_Stomach_Tue39L243_10_DDA_3_400-1000mz_msms9_standard.mzML	1	192
576	1	170527_AM_AUT01-DN08_AdrenalGland_Tue39L243_10_DDA_1_400-1000mz_msms19_standard.mzML	1	193
577	1	170527_AM_AUT01-DN08_AdrenalGland_Tue39L243_10_DDA_2_400-1000mz_msms20_standard.mzML	1	193
578	1	170527_AM_AUT01-DN08_AdrenalGland_Tue39L243_10_DDA_3_400-1000mz_msms21_standard.mzML	1	193
579	1	160625_DK_AUT01-DN08_Muscle_Tue39L243_20_DDA_1_400-1000mz_msms44_standard.mzML	1	194
580	1	160625_DK_AUT01-DN08_Muscle_Tue39L243_20_DDA_2_400-1000mz_msms45_standard.mzML	1	194
581	1	160625_DK_AUT01-DN08_Muscle_Tue39L243_20_DDA_3_400-1000mz_msms46_standard.mzML	1	194
582	1	170922_AM_AUT01-DN08_Stomach_Tue39L243_10_DDA_1_400-1000mz_msms4_standard.mzML	1	195
583	1	170922_AM_AUT01-DN08_Stomach_Tue39L243_10_DDA_2_400-1000mz_msms5_standard.mzML	1	195
584	1	170922_AM_AUT01-DN08_Stomach_Tue39L243_10_DDA_3_400-1000mz_msms6_standard.mzML	1	195
585	1	181015_AM_AUT01-DN03_Heart_Tue39L243_NA_DDA_1_400-1000mz_msms13_Refill.mzML	1	196
586	1	181015_AM_AUT01-DN03_Heart_Tue39L243_NA_DDA_2_400-1000mz_msms14_Refill.mzML	1	196
587	1	181015_AM_AUT01-DN03_Heart_Tue39L243_NA_DDA_3_400-1000mz_msms15_Refill.mzML	1	196
588	1	170212_AM_AUT01-DN13_Skin_Tue39L243_10_DDA_1_400-1000mz_msms7_standard.mzML	1	197
589	1	170212_AM_AUT01-DN13_Skin_Tue39L243_10_DDA_2_400-1000mz_msms8_standard.mzML	1	197
590	1	170212_AM_AUT01-DN13_Skin_Tue39L243_10_DDA_3_400-1000mz_msms9_standard.mzML	1	197
591	1	161105_AM_AUT01-DN11_Liver_Tue39L243_10_DDA_1_400-1000mz_msms7_standard.mzML	1	198
592	1	161105_AM_AUT01-DN11_Liver_Tue39L243_10_DDA_2_400-1000mz_msms8_standard.mzML	1	198
593	1	161105_AM_AUT01-DN11_Liver_Tue39L243_10_DDA_3_400-1000mz_msms9_standard.mzML	1	198
594	1	170714_AM_AUT01-DN12_Aorta_Tue39L243_10_DDA_2_400-1000mz_msms11_standard.mzML	1	199
595	1	170714_AM_AUT01-DN12_Aorta_Tue39L243_10_DDA_3_400-1000mz_msms12_standard.mzML	1	199
596	1	170715_AM_AUT01-DN12_Aorta_Tue39L243_10_DDA_1new_400-1000mz_msms17_standard.mzML	1	199
597	1	170513_AM_AUT01-DN14_Cerebellum_Tue39L243_10_DDA_1_400-1000mz_msms19_standard.mzML	1	200
598	1	170513_AM_AUT01-DN14_Cerebellum_Tue39L243_10_DDA_2_400-1000mz_msms20_standard.mzML	1	200
599	1	170513_AM_AUT01-DN14_Cerebellum_Tue39L243_10_DDA_3_400-1000mz_msms21_standard.mzML	1	200
600	1	170801_AM_AUT01-DN14_Tongue_Tue39L243_10_DDA_1_400-1000mz_msms7_standard.mzML	1	201
601	1	170801_AM_AUT01-DN14_Tongue_Tue39L243_10_DDA_2_400-1000mz_msms8_standard.mzML	1	201
602	1	170801_AM_AUT01-DN14_Tongue_Tue39L243_10_DDA_3_400-1000mz_msms9_standard.mzML	1	201
603	1	170407_AM_AUT01-DN13_Muscle_Tue39L243_10_DDA_1new_400-1000mz_msms20_standard.mzML	1	202
604	1	170407_AM_AUT01-DN13_Muscle_Tue39L243_10_DDA_2_400-1000mz_msm16_standard.mzML	1	202
605	1	170407_AM_AUT01-DN13_Muscle_Tue39L243_10_DDA_3_400-1000mz_msms17_standard.mzML	1	202
606	1	160617_DK_AUT01-DN06_LymphNode_Tue39L243_20_DDA_1_400-1000mz_msms8_standard.mzML	1	203
607	1	160617_DK_AUT01-DN06_LymphNode_Tue39L243_20_DDA_2_400-1000mz_msms9_standard.mzML	1	203
608	1	160617_DK_AUT01-DN06_LymphNode_Tue39L243_20_DDA_3_400-1000mz_msms10_standard.mzML	1	203
609	1	191205_AMLM_THY01-DN1_Thymus_Tue39L243_10_DDA_1_400-1000mz_msms32_standard.mzML	1	204
610	1	191205_AMLM_THY01-DN1_Thymus_Tue39L243_10_DDA_2_400-1000mz_msms33_standard.mzML	1	204
611	1	191205_AMLM_THY01-DN1_Thymus_Tue39L243_10_DDA_3_400-1000mz_msms34_standard.mzML	1	204
612	1	160703_DK_AUT01-DN08_Testis_Tue39L243_20_DDA_1_400-1000mz_msms9_standard.mzML	1	205
613	1	160703_DK_AUT01-DN08_Testis_Tue39L243_20_DDA_2_400-1000mz_msms10_standard.mzML	1	205
614	1	160703_DK_AUT01-DN08_Testis_Tue39L243_20_DDA_3_400-1000mz_msms11_standard.mzML	1	205
615	1	170929_AM_AUT01-DN17_AdrenalGland_Tue39L243_10_DDA_1_400-1000mz_msms12_standard.mzML	1	206
616	1	170929_AM_AUT01-DN17_AdrenalGland_Tue39L243_10_DDA_2_400-1000mz_msms13_standard.mzML	1	206
617	1	170929_AM_AUT01-DN17_AdrenalGland_Tue39L243_10_DDA_3_400-1000mz_msms14_standard.mzML	1	206
618	1	170723_AM_AUT01-DN15_Spleen_Tue39L243_10_DDA_1_400-1000mz_msms7_standard.mzML	1	207
619	1	170723_AM_AUT01-DN15_Spleen_Tue39L243_10_DDA_2_400-1000mz_msms8_standard.mzML	1	207
620	1	170723_AM_AUT01-DN15_Spleen_Tue39L243_10_DDA_3_400-1000mz_msms9_standard.mzML	1	207
621	1	170102_AM_AUT01-DN13_Bladder_Tue39L243_10_DDA_1_400-1000mz_msms5_standard.mzML	1	208
622	1	170102_AM_AUT01-DN13_Bladder_Tue39L243_10_DDA_2_400-1000mz_msm6_standard.mzML	1	208
623	1	170102_AM_AUT01-DN13_Bladder_Tue39L243_10_DDA_3_400-1000mz_msms7_standard.mzML	1	208
624	1	170530_AM_AUT01-DN14_Bladder_Tue39L243_10_DDA_1_400-1000mz_msms4_standard.mzML	1	209
625	1	170530_AM_AUT01-DN14_Bladder_Tue39L243_10_DDA_2_400-1000mz_msms5_standard.mzML	1	209
626	1	170530_AM_AUT01-DN14_Bladder_Tue39L243_10_DDA_3_400-1000mz_msms6_standard.mzML	1	209
627	1	161119_AM_AUT01-DN13_Brain_Tue39L243_10_DDA_1_400-1000mz_msms7_standard.mzML	1	210
628	1	161119_AM_AUT01-DN13_Brain_Tue39L243_10_DDA_2_400-1000mz_msms8_standard.mzML	1	210
629	1	161119_AM_AUT01-DN13_Brain_Tue39L243_10_DDA_3_400-1000mz_msms9_standard.mzML	1	210
630	1	171012_AM_AUT01-DN17_SmallIntestine_Tue39L243_10_DDA_1_400-1000mz_msms26_standard.mzML	1	211
631	1	171012_AM_AUT01-DN17_SmallIntestine_Tue39L243_10_DDA_2_400-1000mz_msms27_standard.mzML	1	211
632	1	171012_AM_AUT01-DN17_SmallIntestine_Tue39L243_10_DDA_3_400-1000mz_msms28_standard.mzML	1	211
633	1	161011_AM_AUT01-DN08_Brain_Tue39L243_10_DDA_1_400-1000mz_msms20_standard.mzML	1	212
634	1	161011_AM_AUT01-DN08_Brain_Tue39L243_10_DDA_2_400-1000mz_msms21_standard.mzML	1	212
635	1	161011_AM_AUT01-DN08_Brain_Tue39L243_10_DDA_3_400-1000mz_msms22_standard.mzML	1	212
636	1	180602_AM_AUT01-DN15_Stomach_Tue39L243_10_DDA_1_400-1000mz_msms9_Antrum.mzML	1	213
637	1	180602_AM_AUT01-DN15_Stomach_Tue39L243_10_DDA_2_400-1000mz_msms10_Antrum.mzML	1	213
638	1	180602_AM_AUT01-DN15_Stomach_Tue39L243_10_DDA_3_400-1000mz_msms11_Antrum.mzML	1	213
639	1	181006_AM_AUT01-DN03_Trachea_Tue39L243_10_DDA_1_400-1000mz_msms8_Refill.mzML	1	214
640	1	181006_AM_AUT01-DN03_Trachea_Tue39L243_10_DDA_2_400-1000mz_msms9_Refill.mzML	1	214
641	1	181006_AM_AUT01-DN03_Trachea_Tue39L243_10_DDA_3_400-1000mz_msms10_Refill.mzML	1	214
642	1	170807_AM_AUT01-DN09_AdrenalGland_Tue39L243_10_DDA_1_400-1000mz_msms19_standard.mzML	1	215
643	1	170807_AM_AUT01-DN09_AdrenalGland_Tue39L243_10_DDA_2_400-1000mz_msms20_standard.mzML	1	215
644	1	170807_AM_AUT01-DN09_AdrenalGland_Tue39L243_10_DDA_3_400-1000mz_msms21_standard.mzML	1	215
645	1	160716_AM_AUT01-DN09_Kidney_Tue39L243_20_DDA_1_400-1000mz_msms48_Transplant.mzML	1	216
646	1	160716_AM_AUT01-DN09_Kidney_Tue39L243_20_DDA_2_400-1000mz_msms49_Transplant.mzML	1	216
647	1	160716_AM_AUT01-DN09_Kidney_Tue39L243_20_DDA_3_400-1000mz_msms50_Transplant.mzML	1	216
648	1	170701_AM_AUT01-DN12_Thyroid_Tue39L243_10_DDA_1_400-1000mz_msms7_standard.mzML	1	217
649	1	170701_AM_AUT01-DN12_Thyroid_Tue39L243_10_DDA_2_400-1000mz_msms8_standard.mzML	1	217
650	1	170701_AM_AUT01-DN12_Thyroid_Tue39L243_10_DDA_3_400-1000mz_msms9_standard.mzML	1	217
651	1	170413_AM_AUT01-DN12_BoneMarrow_Tue39L243_10_DDA_1_400-1000mz_msms38_standard.mzML	1	218
652	1	170413_AM_AUT01-DN12_BoneMarrow_Tue39L243_10_DDA_2_400-1000mz_msms39_standard.mzML	1	218
653	1	170413_AM_AUT01-DN12_BoneMarrow_Tue39L243_10_DDA_3_400-1000mz_msms40_standard.mzML	1	218
654	1	170804_AM_AUT01-DN15_Thyroid_Tue39L243_10_DDA_1_400-1000mz_msms11_standard.mzML	1	219
655	1	170804_AM_AUT01-DN15_Thyroid_Tue39L243_10_DDA_2_400-1000mz_msms15_standard.mzML	1	219
656	1	170804_AM_AUT01-DN15_Thyroid_Tue39L243_10_DDA_3_400-1000mz_msms16_standard.mzML	1	219
657	1	160711_AM_AUT01-DN08_Heart_Tue39L243_20_DDA_1_400-1000mz_msms31_standard.mzML	1	220
658	1	160711_AM_AUT01-DN08_Heart_Tue39L243_20_DDA_2_400-1000mz_msms32_standard.mzML	1	220
659	1	160711_AM_AUT01-DN08_Heart_Tue39L243_20_DDA_3_400-1000mz_msms33_standard.mzML	1	220
660	1	161209_AM_AUT01-DN13_Colon_Tue39L243_10_DDA_1_400-1000mz_msms30_standard.mzML	1	221
661	1	161209_AM_AUT01-DN13_Colon_Tue39L243_10_DDA_2_400-1000mz_msms31_standard.mzML	1	221
662	1	161209_AM_AUT01-DN13_Colon_Tue39L243_10_DDA_3_400-1000mz_msms32_standard.mzML	1	221
663	1	181008_AM_AUT01-DN03_Esophagus_Tue39L243_10_DDA_1_400-1000mz_msms6_Refill.mzML	1	222
664	1	181008_AM_AUT01-DN03_Esophagus_Tue39L243_10_DDA_2_400-1000mz_msms7_Refill.mzML	1	222
665	1	181008_AM_AUT01-DN03_Esophagus_Tue39L243_10_DDA_3_400-1000mz_msms8_Refill.mzML	1	222
666	1	160625_DK_AUT01-DN05_Thyroid_Tue39L243_20_DDA_1_400-1000mz_msms32_standard.mzML	1	223
667	1	160625_DK_AUT01-DN05_Thyroid_Tue39L243_20_DDA_2_400-1000mz_msms33_standard.mzML	1	223
668	1	160625_DK_AUT01-DN05_Thyroid_Tue39L243_20_DDA_3_400-1000mz_msms34_standard.mzML	1	223
669	1	170428_AM_AUT01-DN14_Testis_Tue39L243_10_DDA_1_400-1000mz_msms8_standard.mzML	1	224
670	1	170428_AM_AUT01-DN14_Testis_Tue39L243_10_DDA_2_400-1000mz_msms9_standard.mzML	1	224
671	1	170428_AM_AUT01-DN14_Testis_Tue39L243_10_DDA_3_400-1000mz_msms10_standard.mzML	1	224
672	1	180111_AM_AUT01-DN15_Gallbladder_Tue39L243_10_DDA_1_400-1000mz_msms43_standard.mzML	1	225
673	1	180111_AM_AUT01-DN15_Gallbladder_Tue39L243_10_DDA_2_400-1000mz_msms44_standard.mzML	1	225
674	1	180111_AM_AUT01-DN15_Gallbladder_Tue39L243_10_DDA_3_400-1000mz_msms45_standard.mzML	1	225
675	1	160331_DK_AUT01-DN03_SmallIntestine_Tue39L243_8_DDA_1_400-1000mz_msms19_postSCX.mzML	1	226
676	1	160331_DK_AUT01-DN03_SmallIntestine_Tue39L243_8_DDA_2_400-1000mz_msms20_postSCX.mzML	1	226
677	1	160331_DK_AUT01-DN03_SmallIntestine_Tue39L243_8_DDA_3_400-1000mz_msms21_postSCX.mzML	1	226
678	1	160331_DK_AUT01-DN03_Thyroid_Tue39L243_8_DDA_1_400-1000mz_msms31_postSCX.mzML	1	227
679	1	160331_DK_AUT01-DN03_Thyroid_Tue39L243_8_DDA_2_400-1000mz_msms32_postSCX.mzML	1	227
680	1	160331_DK_AUT01-DN03_Thyroid_Tue39L243_8_DDA_3_400-1000mz_msms33_postSCX.mzML	1	227
681	1	170810_AM_AUT01-DN15_Heart_Tue39L243_10_DDA_1_400-1000mz_msms31_standard.mzML	1	228
682	1	170810_AM_AUT01-DN15_Heart_Tue39L243_10_DDA_2_400-1000mz_msms32_standard.mzML	1	228
683	1	170810_AM_AUT01-DN15_Heart_Tue39L243_10_DDA_3_400-1000mz_msms33_standard.mzML	1	228
684	1	170915_AM_AUT01-DN08_Prostate_Tue39L243_8_DDA_1_400-1000mz_msms19_standard.mzML	1	229
685	1	170915_AM_AUT01-DN08_Prostate_Tue39L243_8_DDA_2_400-1000mz_msms20_standard.mzML	1	229
686	1	170915_AM_AUT01-DN08_Prostate_Tue39L243_8_DDA_3_400-1000mz_msms21_standard.mzML	1	229
687	1	161201_AM_AUT01-DN06_Aorta_Tue39L243_10_DDA_1_400-1000mz_msms8_standard.mzML	1	230
688	1	161201_AM_AUT01-DN06_Aorta_Tue39L243_10_DDA_2_400-1000mz_msms9_standard.mzML	1	230
689	1	161201_AM_AUT01-DN06_Aorta_Tue39L243_10_DDA_3_400-1000mz_msms10_standard.mzML	1	230
690	1	170722_AM_AUT01-DN12_Uterus_Tue39L243_10_DDA_1_400-1000mz_msms7_standard.mzML	1	231
691	1	170722_AM_AUT01-DN12_Uterus_Tue39L243_10_DDA_2_400-1000mz_msms8_standard.mzML	1	231
692	1	170722_AM_AUT01-DN12_Uterus_Tue39L243_10_DDA_3_400-1000mz_msms9_standard.mzML	1	231
693	1	160316_DK_AUT01-DN02_Lung_Tue39L243_8_DDA_1_400-1000mz_msms1_standard.mzML	1	232
694	1	160316_DK_AUT01-DN02_Lung_Tue39L243_8_DDA_2_400-1000mz_msms2_standard.mzML	1	232
695	1	160316_DK_AUT01-DN02_Lung_Tue39L243_8_DDA_3_400-1000mz_msms3_standard.mzML	1	232
696	1	160316_DK_AUT01-DN02_Cerebellum_Tue39L243_8_DDA_1_400-1000mz_msms37_standard.mzML	1	233
697	1	160316_DK_AUT01-DN02_Cerebellum_Tue39L243_8_DDA_2_400-1000mz_msms38_standard.mzML	1	233
698	1	160316_DK_AUT01-DN02_Cerebellum_Tue39L243_8_DDA_3_400-1000mz_msms39_standard.mzML	1	233
699	1	170428_AM_AUT01-DN14_LymphNode_Tue39L243_10_DDA_1_400-1000mz_msms24_standard.mzML	1	234
700	1	170428_AM_AUT01-DN14_LymphNode_Tue39L243_10_DDA_2_400-1000mz_msms25_standard.mzML	1	234
701	1	170428_AM_AUT01-DN14_LymphNode_Tue39L243_10_DDA_3_400-1000mz_msms26_standard.mzML	1	234
702	1	170407_AM_AUT01-DN12_Spleen_Tue39L243_10_DDA_1_400-1000mz_msms30_standard.mzML	1	235
703	1	170407_AM_AUT01-DN12_Spleen_Tue39L243_10_DDA_2_400-1000mz_msm31_standard.mzML	1	235
704	1	170407_AM_AUT01-DN12_Spleen_Tue39L243_10_DDA_3_400-1000mz_msms32_standard.mzML	1	235
705	1	180425_AM_AUT01-DN12_Esophagus_Tue39L243_10_DDA_1_400-1000mz_msms16_standard.mzML	1	236
706	1	180425_AM_AUT01-DN12_Esophagus_Tue39L243_10_DDA_2_400-1000mz_msms17_standard.mzML	1	236
707	1	180425_AM_AUT01-DN12_Esophagus_Tue39L243_10_DDA_3_400-1000mz_msms18_standard.mzML	1	236
708	1	191126_AMLM_THY01-DN4_Thymus_Tue39L243_10_DDA_1_400-1000mz_msms39_standard.mzML	1	237
709	1	191126_AMLM_THY01-DN4_Thymus_Tue39L243_10_DDA_2_400-1000mz_msms40_standard.mzML	1	237
710	1	191126_AMLM_THY01-DN4_Thymus_Tue39L243_10_DDA_3_400-1000mz_msms41_standard.mzML	1	237
711	1	170707_AM_AUT01-DN11_Brain_Tue39L243_10_DDA_1_400-1000mz_msms13_standard.mzML	1	238
712	1	170707_AM_AUT01-DN11_Brain_Tue39L243_10_DDA_2_400-1000mz_msms14_standard.mzML	1	238
713	1	170707_AM_AUT01-DN11_Brain_Tue39L243_10_DDA_3_400-1000mz_msms15_standard.mzML	1	238
714	1	180921_AM_AUT01-DN03_Testis_Tue39L243_NA_DDA_1_400-1000mz_msms45_Refill.mzML	1	239
715	1	180921_AM_AUT01-DN03_Testis_Tue39L243_NA_DDA_2_400-1000mz_msms46_Refill.mzML	1	239
716	1	180921_AM_AUT01-DN03_Testis_Tue39L243_NA_DDA_3_400-1000mz_msms47_Refill.mzML	1	239

Sample	MSstats_Condition	MSstats_BioReplicate
1	tongue|Human leukocyte antigen class II	1
2	heart|Human leukocyte antigen class II	2
3	testis|Human leukocyte antigen class II	3
4	spleen|Human leukocyte antigen class II	4
5	spleen|Human leukocyte antigen class II	5
6	liver|Human leukocyte antigen class II	6
7	cerebellum|Human leukocyte antigen class II	7
8	skin|Human leukocyte antigen class II	8
9	spleen|Human leukocyte antigen class II	9
10	bone marrow|Human leukocyte antigen class II	10
11	lymphnode|Human leukocyte antigen class II	11
12	thymus|Human leukocyte antigen class II	12
13	bladder|Human leukocyte antigen class II	13
14	heart|Human leukocyte antigen class II	14
15	kidney|Human leukocyte antigen class II	15
16	liver|Human leukocyte antigen class II	16
17	brain|Human leukocyte antigen class II	17
18	bone marrow|Human leukocyte antigen class II	18
19	tongue|Human leukocyte antigen class II	19
20	skin|Human leukocyte antigen class II	20
21	pancreas|Human leukocyte antigen class II	21
22	colon|Human leukocyte antigen class II	22
23	lung|Human leukocyte antigen class II	23
24	lymphnode|Human leukocyte antigen class II	24
25	kidney|Human leukocyte antigen class II	25
26	trachea|Human leukocyte antigen class II	26
27	pancreas|Human leukocyte antigen class II	27
28	heart|Human leukocyte antigen class II	28
29	spleen|Human leukocyte antigen class II	29
30	kidney|Human leukocyte antigen class II	30
31	stomach|Human leukocyte antigen class II	31
32	esophagus|Human leukocyte antigen class II	32
33	muscle|Human leukocyte antigen class II	33
34	lung|Human leukocyte antigen class II	34
35	aorta|Human leukocyte antigen class II	35
36	spleen|Human leukocyte antigen class II	36
37	heart|Human leukocyte antigen class II	37
38	prostate|Human leukocyte antigen class II	38
39	adrenal gland|Human leukocyte antigen class II	39
40	skin|Human leukocyte antigen class II	40
41	small intestine|Human leukocyte antigen class II	41
42	small intestine|Human leukocyte antigen class II	42
43	lung|Human leukocyte antigen class II	43
44	spleen|Human leukocyte antigen class II	44
45	trachea|Human leukocyte antigen class II	45
46	adrenal gland|Human leukocyte antigen class II	46
47	small intestine|Human leukocyte antigen class II	47
48	prostate|Human leukocyte antigen class II	48
49	mamma|Human leukocyte antigen class II	49
50	testis|Human leukocyte antigen class II	50
51	lung|Human leukocyte antigen class II	51
52	skin|Human leukocyte antigen class II	52
53	esophagus|Human leukocyte antigen class II	53
54	lung|Human leukocyte antigen class II	54
55	cerebellum|Human leukocyte antigen class II	55
56	colon|Human leukocyte antigen class II	56
57	ovary|Human leukocyte antigen class II	57
58	skin|Human leukocyte antigen class II	58
59	bone marrow|Human leukocyte antigen class II	59
60	cerebellum|Human leukocyte antigen class II	60
61	trachea|Human leukocyte antigen class II	61
62	spleen|Human leukocyte antigen class II	62
63	stomach|Human leukocyte antigen class II	63
64	aorta|Human leukocyte antigen class II	64
65	lymphnode|Human leukocyte antigen class II	65
66	heart|Human leukocyte antigen class II	66
67	prostate|Human leukocyte antigen class II	67
68	thyroid|Human leukocyte antigen class II	68
69	muscle|Human leukocyte antigen class II	69
70	skin|Human leukocyte antigen class II	70
71	thyroid|Human leukocyte antigen class II	71
72	adrenal gland|Human leukocyte antigen class II	72
73	thyroid|Human leukocyte antigen class II	73
74	kidney|Human leukocyte antigen class II	74
75	esophagus|Human leukocyte antigen class II	75
76	bladder|Human leukocyte antigen class II	76
77	bladder|Human leukocyte antigen class II	77
78	small intestine|Human leukocyte antigen class II	78
79	tongue|Human leukocyte antigen class II	79
80	adrenal gland|Human leukocyte antigen class II	80
81	bladder|Human leukocyte antigen class II	81
82	colon|Human leukocyte antigen class II	82
83	prostate|Human leukocyte antigen class II	83
84	muscle|Human leukocyte antigen class II	84
85	esophagus|Human leukocyte antigen class II	85
86	brain|Human leukocyte antigen class II	86
87	aorta|Human leukocyte antigen class II	87
88	ovary|Human leukocyte antigen class II	88
89	kidney|Human leukocyte antigen class II	89
90	bone marrow|Human leukocyte antigen class II	90
91	thyroid|Human leukocyte antigen class II	91
92	lung|Human leukocyte antigen class II	92
93	lung|Human leukocyte antigen class II	93
94	small intestine|Human leukocyte antigen class II	94
95	tongue|Human leukocyte antigen class II	95
96	lymphnode|Human leukocyte antigen class II	96
97	aorta|Human leukocyte antigen class II	97
98	cerebellum|Human leukocyte antigen class II	98
99	small intestine|Human leukocyte antigen class II	99
100	lung|Human leukocyte antigen class II	100
101	thymus|Human leukocyte antigen class II	101
102	tongue|Human leukocyte antigen class II	102
103	bladder|Human leukocyte antigen class II	103
104	heart|Human leukocyte antigen class II	104
105	skin|Human leukocyte antigen class II	105
106	kidney|Human leukocyte antigen class II	106
107	muscle|Human leukocyte antigen class II	107
108	muscle|Human leukocyte antigen class II	108
109	pancreas|Human leukocyte antigen class II	109
110	small intestine|Human leukocyte antigen class II	110
111	small intestine|Human leukocyte antigen class II	111
112	brain|Human leukocyte antigen class II	112
113	adrenal gland|Human leukocyte antigen class II	113
114	small intestine|Human leukocyte antigen class II	114
115	thyroid|Human leukocyte antigen class II	115
116	thyroid|Human leukocyte antigen class II	116
117	thyroid|Human leukocyte antigen class II	117
118	thymus|Human leukocyte antigen class II	118
119	tongue|Human leukocyte antigen class II	119
120	lymphnode|Human leukocyte antigen class II	120
121	brain|Human leukocyte antigen class II	121
122	bone marrow|Human leukocyte antigen class II	122
123	esophagus|Human leukocyte antigen class II	123
124	bladder|Human leukocyte antigen class II	124
125	cerebellum|Human leukocyte antigen class II	125
126	lung|Human leukocyte antigen class II	126
127	liver|Human leukocyte antigen class II	127
128	aorta|Human leukocyte antigen class II	128
129	stomach|Human leukocyte antigen class II	129
130	pancreas|Human leukocyte antigen class II	130
131	bladder|Human leukocyte antigen class II	131
132	adrenal gland|Human leukocyte antigen class II	132
133	pancreas|Human leukocyte antigen class II	133
134	liver|Human leukocyte antigen class II	134
135	tongue|Human leukocyte antigen class II	135
136	kidney|Human leukocyte antigen class II	136
137	trachea|Human leukocyte antigen class II	137
138	testis|Human leukocyte antigen class II	138
139	skin|Human leukocyte antigen class II	139
140	liver|Human leukocyte antigen class II	140
141	cerebellum|Human leukocyte antigen class II	141
142	brain|Human leukocyte antigen class II	142
143	colon|Human leukocyte antigen class II	143
144	brain|Human leukocyte antigen class II	144
145	cerebellum|Human leukocyte antigen class II	145
146	thyroid|Human leukocyte antigen class II	146
147	thyroid|Human leukocyte antigen class II	147
148	trachea|Human leukocyte antigen class II	148
149	testis|Human leukocyte antigen class II	149
150	tongue|Human leukocyte antigen class II	150
151	liver|Human leukocyte antigen class II	151
152	liver|Human leukocyte antigen class II	152
153	colon|Human leukocyte antigen class II	153
154	esophagus|Human leukocyte antigen class II	154
155	esophagus|Human leukocyte antigen class II	155
156	spleen|Human leukocyte antigen class II	156
157	trachea|Human leukocyte antigen class II	157
158	heart|Human leukocyte antigen class II	158
159	colon|Human leukocyte antigen class II	159
160	spleen|Human leukocyte antigen class II	160
161	bone marrow|Human leukocyte antigen class II	161
162	bone marrow|Human leukocyte antigen class II	162
163	uterus|Human leukocyte antigen class II	163
164	heart|Human leukocyte antigen class II	164
165	muscle|Human leukocyte antigen class II	165
166	brain|Human leukocyte antigen class II	166
167	liver|Human leukocyte antigen class II	167
168	stomach|Human leukocyte antigen class II	168
169	muscle|Human leukocyte antigen class II	169
170	aorta|Human leukocyte antigen class II	170
171	kidney|Human leukocyte antigen class II	171
172	aorta|Human leukocyte antigen class II	172
173	bone marrow|Human leukocyte antigen class II	173
174	bladder|Human leukocyte antigen class II	174
175	stomach|Human leukocyte antigen class II	175
176	cerebellum|Human leukocyte antigen class II	176
177	kidney|Human leukocyte antigen class II	177
178	liver|Human leukocyte antigen class II	178
179	testis|Human leukocyte antigen class II	179
180	aorta|Human leukocyte antigen class II	180
181	esophagus|Human leukocyte antigen class II	181
182	myelon|Human leukocyte antigen class II	182
183	pancreas|Human leukocyte antigen class II	183
184	small intestine|Human leukocyte antigen class II	184
185	gallbladder|Human leukocyte antigen class II	185
186	colon|Human leukocyte antigen class II	186
187	brain|Human leukocyte antigen class II	187
188	lung|Human leukocyte antigen class II	188
189	adrenal gland|Human leukocyte antigen class II	189
190	gallbladder|Human leukocyte antigen class II	190
191	prostate|Human leukocyte antigen class II	191
192	stomach|Human leukocyte antigen class II	192
193	adrenal gland|Human leukocyte antigen class II	193
194	muscle|Human leukocyte antigen class II	194
195	stomach|Human leukocyte antigen class II	195
196	heart|Human leukocyte antigen class II	196
197	skin|Human leukocyte antigen class II	197
198	liver|Human leukocyte antigen class II	198
199	aorta|Human leukocyte antigen class II	199
200	cerebellum|Human leukocyte antigen class II	200
201	tongue|Human leukocyte antigen class II	201
202	muscle|Human leukocyte antigen class II	202
203	lymphnode|Human leukocyte antigen class II	203
204	thymus|Human leukocyte antigen class II	204
205	testis|Human leukocyte antigen class II	205
206	adrenal gland|Human leukocyte antigen class II	206
207	spleen|Human leukocyte antigen class II	207
208	bladder|Human leukocyte antigen class II	208
209	bladder|Human leukocyte antigen class II	209
210	brain|Human leukocyte antigen class II	210
211	small intestine|Human leukocyte antigen class II	211
212	brain|Human leukocyte antigen class II	212
213	stomach|Human leukocyte antigen class II	213
214	trachea|Human leukocyte antigen class II	214
215	adrenal gland|Human leukocyte antigen class II	215
216	kidney|Human leukocyte antigen class II	216
217	thyroid|Human leukocyte antigen class II	217
218	bone marrow|Human leukocyte antigen class II	218
219	thyroid|Human leukocyte antigen class II	219
220	heart|Human leukocyte antigen class II	220
221	colon|Human leukocyte antigen class II	221
222	esophagus|Human leukocyte antigen class II	222
223	thyroid|Human leukocyte antigen class II	223
224	testis|Human leukocyte antigen class II	224
225	gallbladder|Human leukocyte antigen class II	225
226	small intestine|Human leukocyte antigen class II	226
227	thyroid|Human leukocyte antigen class II	227
228	heart|Human leukocyte antigen class II	228
229	prostate|Human leukocyte antigen class II	229
230	aorta|Human leukocyte antigen class II	230
231	uterus|Human leukocyte antigen class II	231
232	lung|Human leukocyte antigen class II	232
233	cerebellum|Human leukocyte antigen class II	233
234	lymphnode|Human leukocyte antigen class II	234
235	spleen|Human leukocyte antigen class II	235
236	esophagus|Human leukocyte antigen class II	236
237	thymus|Human leukocyte antigen class II	237
238	brain|Human leukocyte antigen class II	238
239	testis|Human leukocyte antigen class II	239
