source name	characteristics[organism]	characteristics[organism part]	characteristics[cell type]	characteristics[disease]	characteristics[biological replicate]	material type	assay name	technology type	comment[data file]	comment[file uri]	comment[technical replicate]	comment[fraction identifier]	comment[proteomics data acquisition method]	comment[label]	comment[instrument]	comment[cleavage agent details]	comment[modification parameters]	comment[modification parameters]	comment[modification parameters]	comment[dissociation method]	comment[collision energy]	comment[precursor mass tolerance]	comment[fragment mass tolerance]	factor value[organism]
Sample 1	Vigna mungo	not applicable	not applicable	not applicable	1	whole organism	run 1	proteomic profiling by mass spectrometry	PXD005025_denovo_sample.raw	ftp://ftp.pride.ebi.ac.uk/pride/data/archive/PXD005025/PXD005025_denovo_sample.raw	1	1	NT=Data-Dependent Acquisition;AC=NCIT:C161785	AC=MS:1002038;NT=label free sample	AC=MS:1001911;NT=Q Exactive	NT=Trypsin;AC=MS:1001251	NT=Carbamidomethyl;TA=C;MT=fixed;AC=UNIMOD:4	NT=Oxidation;MT=variable;TA=M;AC=UNIMOD:35	NT=Acetyl;AC=UNIMOD:1;PP=Protein N-term;MT=variable	NT=HCD;AC=PRIDE:0000590	not available	10 ppm	0.02 Da	Vigna mungo
Sample 2	Mus musculus	not applicable	not applicable	not applicable	1	whole organism	run 2	proteomic profiling by mass spectrometry	PXD004948_denovo_sample.raw	ftp://ftp.pride.ebi.ac.uk/pride/data/archive/PXD004948/PXD004948_denovo_sample.raw	1	1	NT=Data-Dependent Acquisition;AC=NCIT:C161785	AC=MS:1002038;NT=label free sample	AC=MS:1001742;NT=LTQ Orbitrap Velos	NT=Trypsin;AC=MS:1001251	NT=Carbamidomethyl;TA=C;MT=fixed;AC=UNIMOD:4	NT=Oxidation;MT=variable;TA=M;AC=UNIMOD:35	NT=Acetyl;AC=UNIMOD:1;PP=Protein N-term;MT=variable	NT=HCD;AC=PRIDE:0000590	not available	10 ppm	0.02 Da	Mus musculus
Sample 3	Methanosarcina mazei	not applicable	not applicable	not applicable	1	whole organism	run 3	proteomic profiling by mass spectrometry	PXD004325_denovo_sample.raw	ftp://ftp.pride.ebi.ac.uk/pride/data/archive/PXD004325/PXD004325_denovo_sample.raw	1	1	NT=Data-Dependent Acquisition;AC=NCIT:C161785	AC=MS:1002038;NT=label free sample	AC=MS:1002634;NT=Q Exactive Plus	NT=Trypsin;AC=MS:1001251	NT=Carbamidomethyl;TA=C;MT=fixed;AC=UNIMOD:4	NT=Oxidation;MT=variable;TA=M;AC=UNIMOD:35	NT=Acetyl;AC=UNIMOD:1;PP=Protein N-term;MT=variable	NT=HCD;AC=PRIDE:0000590	not available	10 ppm	0.02 Da	Methanosarcina mazei
Sample 4	Bacillus subtilis	not applicable	not applicable	not applicable	1	whole organism	run 4	proteomic profiling by mass spectrometry	PXD004565_denovo_sample.raw	ftp://ftp.pride.ebi.ac.uk/pride/data/archive/PXD004565/PXD004565_denovo_sample.raw	1	1	NT=Data-Dependent Acquisition;AC=NCIT:C161785	AC=MS:1002038;NT=label free sample	AC=MS:1001911;NT=Q Exactive	NT=Trypsin;AC=MS:1001251	NT=Carbamidomethyl;TA=C;MT=fixed;AC=UNIMOD:4	NT=Oxidation;MT=variable;TA=M;AC=UNIMOD:35	NT=Acetyl;AC=UNIMOD:1;PP=Protein N-term;MT=variable	NT=HCD;AC=PRIDE:0000590	not available	10 ppm	0.02 Da	Bacillus subtilis
Sample 5	Bacteria	not applicable	not applicable	not applicable	1	whole organism	run 5	proteomic profiling by mass spectrometry	PXD004536_denovo_sample.raw	ftp://ftp.pride.ebi.ac.uk/pride/data/archive/PXD004536/PXD004536_denovo_sample.raw	1	1	NT=Data-Dependent Acquisition;AC=NCIT:C161785	AC=MS:1002038;NT=label free sample	AC=MS:1002634;NT=Q Exactive Plus	NT=Trypsin;AC=MS:1001251	NT=Carbamidomethyl;TA=C;MT=fixed;AC=UNIMOD:4	NT=Oxidation;MT=variable;TA=M;AC=UNIMOD:35	NT=Acetyl;AC=UNIMOD:1;PP=Protein N-term;MT=variable	NT=HCD;AC=PRIDE:0000590	not available	10 ppm	0.02 Da	Bacteria
Sample 6	Solanum lycopersicum	not applicable	not applicable	not applicable	1	whole organism	run 6	proteomic profiling by mass spectrometry	PXD004947_denovo_sample.raw	ftp://ftp.pride.ebi.ac.uk/pride/data/archive/PXD004947/PXD004947_denovo_sample.raw	1	1	NT=Data-Dependent Acquisition;AC=NCIT:C161785	AC=MS:1002038;NT=label free sample	AC=MS:1001911;NT=Q Exactive	NT=Trypsin;AC=MS:1001251	NT=Carbamidomethyl;TA=C;MT=fixed;AC=UNIMOD:4	NT=Oxidation;MT=variable;TA=M;AC=UNIMOD:35	NT=Acetyl;AC=UNIMOD:1;PP=Protein N-term;MT=variable	NT=HCD;AC=PRIDE:0000590	not available	10 ppm	0.02 Da	Solanum lycopersicum
Sample 7	Saccharomyces cerevisiae	not applicable	not applicable	not applicable	1	whole organism	run 7	proteomic profiling by mass spectrometry	PXD003868_denovo_sample.raw	ftp://ftp.pride.ebi.ac.uk/pride/data/archive/PXD003868/PXD003868_denovo_sample.raw	1	1	NT=Data-Dependent Acquisition;AC=NCIT:C161785	AC=MS:1002038;NT=label free sample	AC=MS:1002634;NT=Q Exactive Plus	NT=Trypsin;AC=MS:1001251	NT=Carbamidomethyl;TA=C;MT=fixed;AC=UNIMOD:4	NT=Oxidation;MT=variable;TA=M;AC=UNIMOD:35	NT=Acetyl;AC=UNIMOD:1;PP=Protein N-term;MT=variable	NT=HCD;AC=PRIDE:0000590	not available	10 ppm	0.02 Da	Saccharomyces cerevisiae
Sample 8	Apis mellifera	not applicable	not applicable	not applicable	1	whole organism	run 8	proteomic profiling by mass spectrometry	PXD004467_denovo_sample.raw	ftp://ftp.pride.ebi.ac.uk/pride/data/archive/PXD004467/PXD004467_denovo_sample.raw	1	1	NT=Data-Dependent Acquisition;AC=NCIT:C161785	AC=MS:1002038;NT=label free sample	AC=MS:1001911;NT=Q Exactive	NT=Trypsin;AC=MS:1001251	NT=Carbamidomethyl;TA=C;MT=fixed;AC=UNIMOD:4	NT=Oxidation;MT=variable;TA=M;AC=UNIMOD:35	NT=Acetyl;AC=UNIMOD:1;PP=Protein N-term;MT=variable	NT=HCD;AC=PRIDE:0000590	not available	10 ppm	0.02 Da	Apis mellifera
Sample 9	Homo sapiens	not applicable	not applicable	not applicable	1	whole organism	run 9	proteomic profiling by mass spectrometry	PXD004424_denovo_sample.raw	ftp://ftp.pride.ebi.ac.uk/pride/data/archive/PXD004424/PXD004424_denovo_sample.raw	1	1	NT=Data-Dependent Acquisition;AC=NCIT:C161785	AC=MS:1002038;NT=label free sample	AC=MS:1001911;NT=Q Exactive	NT=Trypsin;AC=MS:1001251	NT=Carbamidomethyl;TA=C;MT=fixed;AC=UNIMOD:4	NT=Oxidation;MT=variable;TA=M;AC=UNIMOD:35	NT=Acetyl;AC=UNIMOD:1;PP=Protein N-term;MT=variable	NT=HCD;AC=PRIDE:0000590	not available	10 ppm	0.02 Da	Homo sapiens
