Filename	URI	Sample	FractionGroup	Fraction	Label	LabelType	AcquisitionMethod	DissociationMethod	Condition	BioReplicate	Enzyme	FixedModifications	VariableModifications	PrecursorMassTolerance	PrecursorMassToleranceUnit	FragmentMassTolerance	FragmentMassToleranceUnit	MS1MinMz	MS1MaxMz	MS2MinMz	MS2MaxMz
RD139_Narrow_UPS1_0_1fmol_inj1.raw	ftp://massive.ucsd.edu/MSV000087597/raw/RD139_Narrow_UPS1_0_1fmol_inj1.raw	1	1	1	label free sample	label free	Data-Independent Acquisition	HCD	Narrow_CT=Mixture;CN=UPS1;QY=0.1 fmol	1	Trypsin	NT=Carbamidomethyl;TA=C;mt=fixed;AC=UNIMOD:4	NT=Oxidation;mt=variable;TA=M;AC=Unimod:35	10	ppm	0.02	Da				
RD139_Narrow_UPS1_0_1fmol_inj2.raw	ftp://massive.ucsd.edu/MSV000087597/raw/RD139_Narrow_UPS1_0_1fmol_inj2.raw	1	2	1	label free sample	label free	Data-Independent Acquisition	HCD	Narrow_CT=Mixture;CN=UPS1;QY=0.1 fmol	1	Trypsin	NT=Carbamidomethyl;TA=C;mt=fixed;AC=UNIMOD:4	NT=Oxidation;mt=variable;TA=M;AC=Unimod:35	10	ppm	0.02	Da				
RD139_Narrow_UPS1_0_1fmol_inj3.raw	ftp://massive.ucsd.edu/MSV000087597/raw/RD139_Narrow_UPS1_0_1fmol_inj3.raw	1	3	1	label free sample	label free	Data-Independent Acquisition	HCD	Narrow_CT=Mixture;CN=UPS1;QY=0.1 fmol	1	Trypsin	NT=Carbamidomethyl;TA=C;mt=fixed;AC=UNIMOD:4	NT=Oxidation;mt=variable;TA=M;AC=Unimod:35	10	ppm	0.02	Da				
RD139_Narrow_UPS1_0_25fmol_inj1.raw	ftp://massive.ucsd.edu/MSV000087597/raw/RD139_Narrow_UPS1_0_25fmol_inj1.raw	2	4	1	label free sample	label free	Data-Independent Acquisition	HCD	Narrow_CT=Mixture;CN=UPS1;QY=0.25 fmol	2	Trypsin	NT=Carbamidomethyl;TA=C;mt=fixed;AC=UNIMOD:4	NT=Oxidation;mt=variable;TA=M;AC=Unimod:35	10	ppm	0.02	Da				
RD139_Narrow_UPS1_0_25fmol_inj2.raw	ftp://massive.ucsd.edu/MSV000087597/raw/RD139_Narrow_UPS1_0_25fmol_inj2.raw	2	5	1	label free sample	label free	Data-Independent Acquisition	HCD	Narrow_CT=Mixture;CN=UPS1;QY=0.25 fmol	2	Trypsin	NT=Carbamidomethyl;TA=C;mt=fixed;AC=UNIMOD:4	NT=Oxidation;mt=variable;TA=M;AC=Unimod:35	10	ppm	0.02	Da				
RD139_Narrow_UPS1_0_25fmol_inj3.raw	ftp://massive.ucsd.edu/MSV000087597/raw/RD139_Narrow_UPS1_0_25fmol_inj3.raw	2	6	1	label free sample	label free	Data-Independent Acquisition	HCD	Narrow_CT=Mixture;CN=UPS1;QY=0.25 fmol	2	Trypsin	NT=Carbamidomethyl;TA=C;mt=fixed;AC=UNIMOD:4	NT=Oxidation;mt=variable;TA=M;AC=Unimod:35	10	ppm	0.02	Da				
RD139_Narrow_UPS1_1fmol_inj1.raw	ftp://massive.ucsd.edu/MSV000087597/raw/RD139_Narrow_UPS1_1fmol_inj1.raw	3	7	1	label free sample	label free	Data-Independent Acquisition	HCD	Narrow_CT=Mixture;CN=UPS1;QY=1 fmol	3	Trypsin	NT=Carbamidomethyl;TA=C;mt=fixed;AC=UNIMOD:4	NT=Oxidation;mt=variable;TA=M;AC=Unimod:35	10	ppm	0.02	Da				
RD139_Narrow_UPS1_1fmol_inj2.raw	ftp://massive.ucsd.edu/MSV000087597/raw/RD139_Narrow_UPS1_1fmol_inj2.raw	3	8	1	label free sample	label free	Data-Independent Acquisition	HCD	Narrow_CT=Mixture;CN=UPS1;QY=1 fmol	3	Trypsin	NT=Carbamidomethyl;TA=C;mt=fixed;AC=UNIMOD:4	NT=Oxidation;mt=variable;TA=M;AC=Unimod:35	10	ppm	0.02	Da				
RD139_Narrow_UPS1_1fmol_inj3.raw	ftp://massive.ucsd.edu/MSV000087597/raw/RD139_Narrow_UPS1_1fmol_inj3.raw	3	9	1	label free sample	label free	Data-Independent Acquisition	HCD	Narrow_CT=Mixture;CN=UPS1;QY=1 fmol	3	Trypsin	NT=Carbamidomethyl;TA=C;mt=fixed;AC=UNIMOD:4	NT=Oxidation;mt=variable;TA=M;AC=Unimod:35	10	ppm	0.02	Da				
RD139_Narrow_UPS1_2_5fmol_inj1.raw	ftp://massive.ucsd.edu/MSV000087597/raw/RD139_Narrow_UPS1_2_5fmol_inj1.raw	4	10	1	label free sample	label free	Data-Independent Acquisition	HCD	Narrow_CT=Mixture;CN=UPS1;QY=2.5 fmol	4	Trypsin	NT=Carbamidomethyl;TA=C;mt=fixed;AC=UNIMOD:4	NT=Oxidation;mt=variable;TA=M;AC=Unimod:35	10	ppm	0.02	Da				
RD139_Narrow_UPS1_2_5fmol_inj2.raw	ftp://massive.ucsd.edu/MSV000087597/raw/RD139_Narrow_UPS1_2_5fmol_inj2.raw	4	11	1	label free sample	label free	Data-Independent Acquisition	HCD	Narrow_CT=Mixture;CN=UPS1;QY=2.5 fmol	4	Trypsin	NT=Carbamidomethyl;TA=C;mt=fixed;AC=UNIMOD:4	NT=Oxidation;mt=variable;TA=M;AC=Unimod:35	10	ppm	0.02	Da				
RD139_Narrow_UPS1_2_5fmol_inj3.raw	ftp://massive.ucsd.edu/MSV000087597/raw/RD139_Narrow_UPS1_2_5fmol_inj3.raw	4	12	1	label free sample	label free	Data-Independent Acquisition	HCD	Narrow_CT=Mixture;CN=UPS1;QY=2.5 fmol	4	Trypsin	NT=Carbamidomethyl;TA=C;mt=fixed;AC=UNIMOD:4	NT=Oxidation;mt=variable;TA=M;AC=Unimod:35	10	ppm	0.02	Da				
RD139_Narrow_UPS1_5fmol_inj1.raw	ftp://massive.ucsd.edu/MSV000087597/raw/RD139_Narrow_UPS1_5fmol_inj1.raw	5	13	1	label free sample	label free	Data-Independent Acquisition	HCD	Narrow_CT=Mixture;CN=UPS1;QY=5 fmol	5	Trypsin	NT=Carbamidomethyl;TA=C;mt=fixed;AC=UNIMOD:4	NT=Oxidation;mt=variable;TA=M;AC=Unimod:35	10	ppm	0.02	Da				
RD139_Narrow_UPS1_5fmol_inj2.raw	ftp://massive.ucsd.edu/MSV000087597/raw/RD139_Narrow_UPS1_5fmol_inj2.raw	5	14	1	label free sample	label free	Data-Independent Acquisition	HCD	Narrow_CT=Mixture;CN=UPS1;QY=5 fmol	5	Trypsin	NT=Carbamidomethyl;TA=C;mt=fixed;AC=UNIMOD:4	NT=Oxidation;mt=variable;TA=M;AC=Unimod:35	10	ppm	0.02	Da				
RD139_Narrow_UPS1_5fmol_inj3.raw	ftp://massive.ucsd.edu/MSV000087597/raw/RD139_Narrow_UPS1_5fmol_inj3.raw	5	15	1	label free sample	label free	Data-Independent Acquisition	HCD	Narrow_CT=Mixture;CN=UPS1;QY=5 fmol	5	Trypsin	NT=Carbamidomethyl;TA=C;mt=fixed;AC=UNIMOD:4	NT=Oxidation;mt=variable;TA=M;AC=Unimod:35	10	ppm	0.02	Da				
RD139_Narrow_UPS1_10fmol_inj1.raw	ftp://massive.ucsd.edu/MSV000087597/raw/RD139_Narrow_UPS1_10fmol_inj1.raw	6	16	1	label free sample	label free	Data-Independent Acquisition	HCD	Narrow_CT=Mixture;CN=UPS1;QY=10 fmol	6	Trypsin	NT=Carbamidomethyl;TA=C;mt=fixed;AC=UNIMOD:4	NT=Oxidation;mt=variable;TA=M;AC=Unimod:35	10	ppm	0.02	Da				
RD139_Narrow_UPS1_10fmol_inj2.raw	ftp://massive.ucsd.edu/MSV000087597/raw/RD139_Narrow_UPS1_10fmol_inj2.raw	6	17	1	label free sample	label free	Data-Independent Acquisition	HCD	Narrow_CT=Mixture;CN=UPS1;QY=10 fmol	6	Trypsin	NT=Carbamidomethyl;TA=C;mt=fixed;AC=UNIMOD:4	NT=Oxidation;mt=variable;TA=M;AC=Unimod:35	10	ppm	0.02	Da				
RD139_Narrow_UPS1_10fmol_inj3.raw	ftp://massive.ucsd.edu/MSV000087597/raw/RD139_Narrow_UPS1_10fmol_inj3.raw	6	18	1	label free sample	label free	Data-Independent Acquisition	HCD	Narrow_CT=Mixture;CN=UPS1;QY=10 fmol	6	Trypsin	NT=Carbamidomethyl;TA=C;mt=fixed;AC=UNIMOD:4	NT=Oxidation;mt=variable;TA=M;AC=Unimod:35	10	ppm	0.02	Da				
RD139_Narrow_UPS1_25fmol_inj1.raw	ftp://massive.ucsd.edu/MSV000087597/raw/RD139_Narrow_UPS1_25fmol_inj1.raw	7	19	1	label free sample	label free	Data-Independent Acquisition	HCD	Narrow_CT=Mixture;CN=UPS1;QY=25 fmol	7	Trypsin	NT=Carbamidomethyl;TA=C;mt=fixed;AC=UNIMOD:4	NT=Oxidation;mt=variable;TA=M;AC=Unimod:35	10	ppm	0.02	Da				
RD139_Narrow_UPS1_25fmol_inj2.raw	ftp://massive.ucsd.edu/MSV000087597/raw/RD139_Narrow_UPS1_25fmol_inj2.raw	7	20	1	label free sample	label free	Data-Independent Acquisition	HCD	Narrow_CT=Mixture;CN=UPS1;QY=25 fmol	7	Trypsin	NT=Carbamidomethyl;TA=C;mt=fixed;AC=UNIMOD:4	NT=Oxidation;mt=variable;TA=M;AC=Unimod:35	10	ppm	0.02	Da				
RD139_Narrow_UPS1_25fmol_inj3.raw	ftp://massive.ucsd.edu/MSV000087597/raw/RD139_Narrow_UPS1_25fmol_inj3.raw	7	21	1	label free sample	label free	Data-Independent Acquisition	HCD	Narrow_CT=Mixture;CN=UPS1;QY=25 fmol	7	Trypsin	NT=Carbamidomethyl;TA=C;mt=fixed;AC=UNIMOD:4	NT=Oxidation;mt=variable;TA=M;AC=Unimod:35	10	ppm	0.02	Da				
RD139_Narrow_UPS1_50fmol_inj1.raw	ftp://massive.ucsd.edu/MSV000087597/raw/RD139_Narrow_UPS1_50fmol_inj1.raw	8	22	1	label free sample	label free	Data-Independent Acquisition	HCD	Narrow_CT=Mixture;CN=UPS1;QY=50 fmol	8	Trypsin	NT=Carbamidomethyl;TA=C;mt=fixed;AC=UNIMOD:4	NT=Oxidation;mt=variable;TA=M;AC=Unimod:35	10	ppm	0.02	Da				
RD139_Narrow_UPS1_50fmol_inj2.raw	ftp://massive.ucsd.edu/MSV000087597/raw/RD139_Narrow_UPS1_50fmol_inj2.raw	8	23	1	label free sample	label free	Data-Independent Acquisition	HCD	Narrow_CT=Mixture;CN=UPS1;QY=50 fmol	8	Trypsin	NT=Carbamidomethyl;TA=C;mt=fixed;AC=UNIMOD:4	NT=Oxidation;mt=variable;TA=M;AC=Unimod:35	10	ppm	0.02	Da				
RD139_Narrow_UPS1_50fmol_inj3.raw	ftp://massive.ucsd.edu/MSV000087597/raw/RD139_Narrow_UPS1_50fmol_inj3.raw	8	24	1	label free sample	label free	Data-Independent Acquisition	HCD	Narrow_CT=Mixture;CN=UPS1;QY=50 fmol	8	Trypsin	NT=Carbamidomethyl;TA=C;mt=fixed;AC=UNIMOD:4	NT=Oxidation;mt=variable;TA=M;AC=Unimod:35	10	ppm	0.02	Da				
RD139_Overlap_UPS1_0_1fmol_inj1.raw	ftp://massive.ucsd.edu/MSV000087597/raw/RD139_Overlap_UPS1_0_1fmol_inj1.raw	9	25	1	label free sample	label free	Data-Independent Acquisition	HCD	Overlap_CT=Mixture;CN=UPS1;QY=0.1 fmol	9	Trypsin	NT=Carbamidomethyl;TA=C;mt=fixed;AC=UNIMOD:4	NT=Oxidation;mt=variable;TA=M;AC=Unimod:35	10	ppm	0.02	Da				
RD139_Overlap_UPS1_0_1fmol_inj2.raw	ftp://massive.ucsd.edu/MSV000087597/raw/RD139_Overlap_UPS1_0_1fmol_inj2.raw	9	26	1	label free sample	label free	Data-Independent Acquisition	HCD	Overlap_CT=Mixture;CN=UPS1;QY=0.1 fmol	9	Trypsin	NT=Carbamidomethyl;TA=C;mt=fixed;AC=UNIMOD:4	NT=Oxidation;mt=variable;TA=M;AC=Unimod:35	10	ppm	0.02	Da				
RD139_Overlap_UPS1_0_1fmol_inj3.raw	ftp://massive.ucsd.edu/MSV000087597/raw/RD139_Overlap_UPS1_0_1fmol_inj3.raw	9	27	1	label free sample	label free	Data-Independent Acquisition	HCD	Overlap_CT=Mixture;CN=UPS1;QY=0.1 fmol	9	Trypsin	NT=Carbamidomethyl;TA=C;mt=fixed;AC=UNIMOD:4	NT=Oxidation;mt=variable;TA=M;AC=Unimod:35	10	ppm	0.02	Da				
RD139_Overlap_UPS1_0_25fmol_inj1.raw	ftp://massive.ucsd.edu/MSV000087597/raw/RD139_Overlap_UPS1_0_25fmol_inj1.raw	10	28	1	label free sample	label free	Data-Independent Acquisition	HCD	Overlap_CT=Mixture;CN=UPS1;QY=0.25 fmol	10	Trypsin	NT=Carbamidomethyl;TA=C;mt=fixed;AC=UNIMOD:4	NT=Oxidation;mt=variable;TA=M;AC=Unimod:35	10	ppm	0.02	Da				
RD139_Overlap_UPS1_0_25fmol_inj2.raw	ftp://massive.ucsd.edu/MSV000087597/raw/RD139_Overlap_UPS1_0_25fmol_inj2.raw	10	29	1	label free sample	label free	Data-Independent Acquisition	HCD	Overlap_CT=Mixture;CN=UPS1;QY=0.25 fmol	10	Trypsin	NT=Carbamidomethyl;TA=C;mt=fixed;AC=UNIMOD:4	NT=Oxidation;mt=variable;TA=M;AC=Unimod:35	10	ppm	0.02	Da				
RD139_Overlap_UPS1_0_25fmol_inj3.raw	ftp://massive.ucsd.edu/MSV000087597/raw/RD139_Overlap_UPS1_0_25fmol_inj3.raw	10	30	1	label free sample	label free	Data-Independent Acquisition	HCD	Overlap_CT=Mixture;CN=UPS1;QY=0.25 fmol	10	Trypsin	NT=Carbamidomethyl;TA=C;mt=fixed;AC=UNIMOD:4	NT=Oxidation;mt=variable;TA=M;AC=Unimod:35	10	ppm	0.02	Da				
RD139_Overlap_UPS1_1fmol_inj1.raw	ftp://massive.ucsd.edu/MSV000087597/raw/RD139_Overlap_UPS1_1fmol_inj1.raw	11	31	1	label free sample	label free	Data-Independent Acquisition	HCD	Overlap_CT=Mixture;CN=UPS1;QY=1 fmol	11	Trypsin	NT=Carbamidomethyl;TA=C;mt=fixed;AC=UNIMOD:4	NT=Oxidation;mt=variable;TA=M;AC=Unimod:35	10	ppm	0.02	Da				
RD139_Overlap_UPS1_1fmol_inj2.raw	ftp://massive.ucsd.edu/MSV000087597/raw/RD139_Overlap_UPS1_1fmol_inj2.raw	11	32	1	label free sample	label free	Data-Independent Acquisition	HCD	Overlap_CT=Mixture;CN=UPS1;QY=1 fmol	11	Trypsin	NT=Carbamidomethyl;TA=C;mt=fixed;AC=UNIMOD:4	NT=Oxidation;mt=variable;TA=M;AC=Unimod:35	10	ppm	0.02	Da				
RD139_Overlap_UPS1_1fmol_inj3.raw	ftp://massive.ucsd.edu/MSV000087597/raw/RD139_Overlap_UPS1_1fmol_inj3.raw	11	33	1	label free sample	label free	Data-Independent Acquisition	HCD	Overlap_CT=Mixture;CN=UPS1;QY=1 fmol	11	Trypsin	NT=Carbamidomethyl;TA=C;mt=fixed;AC=UNIMOD:4	NT=Oxidation;mt=variable;TA=M;AC=Unimod:35	10	ppm	0.02	Da				
RD139_Overlap_UPS1_2_5fmol_inj1.raw	ftp://massive.ucsd.edu/MSV000087597/raw/RD139_Overlap_UPS1_2_5fmol_inj1.raw	12	34	1	label free sample	label free	Data-Independent Acquisition	HCD	Overlap_CT=Mixture;CN=UPS1;QY=2.5 fmol	12	Trypsin	NT=Carbamidomethyl;TA=C;mt=fixed;AC=UNIMOD:4	NT=Oxidation;mt=variable;TA=M;AC=Unimod:35	10	ppm	0.02	Da				
RD139_Overlap_UPS1_2_5fmol_inj2.raw	ftp://massive.ucsd.edu/MSV000087597/raw/RD139_Overlap_UPS1_2_5fmol_inj2.raw	12	35	1	label free sample	label free	Data-Independent Acquisition	HCD	Overlap_CT=Mixture;CN=UPS1;QY=2.5 fmol	12	Trypsin	NT=Carbamidomethyl;TA=C;mt=fixed;AC=UNIMOD:4	NT=Oxidation;mt=variable;TA=M;AC=Unimod:35	10	ppm	0.02	Da				
RD139_Overlap_UPS1_2_5fmol_inj3.raw	ftp://massive.ucsd.edu/MSV000087597/raw/RD139_Overlap_UPS1_2_5fmol_inj3.raw	12	36	1	label free sample	label free	Data-Independent Acquisition	HCD	Overlap_CT=Mixture;CN=UPS1;QY=2.5 fmol	12	Trypsin	NT=Carbamidomethyl;TA=C;mt=fixed;AC=UNIMOD:4	NT=Oxidation;mt=variable;TA=M;AC=Unimod:35	10	ppm	0.02	Da				
RD139_Overlap_UPS1_5fmol_inj1.raw	ftp://massive.ucsd.edu/MSV000087597/raw/RD139_Overlap_UPS1_5fmol_inj1.raw	13	37	1	label free sample	label free	Data-Independent Acquisition	HCD	Overlap_CT=Mixture;CN=UPS1;QY=5 fmol	13	Trypsin	NT=Carbamidomethyl;TA=C;mt=fixed;AC=UNIMOD:4	NT=Oxidation;mt=variable;TA=M;AC=Unimod:35	10	ppm	0.02	Da				
RD139_Overlap_UPS1_5fmol_inj2.raw	ftp://massive.ucsd.edu/MSV000087597/raw/RD139_Overlap_UPS1_5fmol_inj2.raw	13	38	1	label free sample	label free	Data-Independent Acquisition	HCD	Overlap_CT=Mixture;CN=UPS1;QY=5 fmol	13	Trypsin	NT=Carbamidomethyl;TA=C;mt=fixed;AC=UNIMOD:4	NT=Oxidation;mt=variable;TA=M;AC=Unimod:35	10	ppm	0.02	Da				
RD139_Overlap_UPS1_5fmol_inj3.raw	ftp://massive.ucsd.edu/MSV000087597/raw/RD139_Overlap_UPS1_5fmol_inj3.raw	13	39	1	label free sample	label free	Data-Independent Acquisition	HCD	Overlap_CT=Mixture;CN=UPS1;QY=5 fmol	13	Trypsin	NT=Carbamidomethyl;TA=C;mt=fixed;AC=UNIMOD:4	NT=Oxidation;mt=variable;TA=M;AC=Unimod:35	10	ppm	0.02	Da				
RD139_Overlap_UPS1_10fmol_inj1.raw	ftp://massive.ucsd.edu/MSV000087597/raw/RD139_Overlap_UPS1_10fmol_inj1.raw	14	40	1	label free sample	label free	Data-Independent Acquisition	HCD	Overlap_CT=Mixture;CN=UPS1;QY=10 fmol	14	Trypsin	NT=Carbamidomethyl;TA=C;mt=fixed;AC=UNIMOD:4	NT=Oxidation;mt=variable;TA=M;AC=Unimod:35	10	ppm	0.02	Da				
RD139_Overlap_UPS1_10fmol_inj2.raw	ftp://massive.ucsd.edu/MSV000087597/raw/RD139_Overlap_UPS1_10fmol_inj2.raw	14	41	1	label free sample	label free	Data-Independent Acquisition	HCD	Overlap_CT=Mixture;CN=UPS1;QY=10 fmol	14	Trypsin	NT=Carbamidomethyl;TA=C;mt=fixed;AC=UNIMOD:4	NT=Oxidation;mt=variable;TA=M;AC=Unimod:35	10	ppm	0.02	Da				
RD139_Overlap_UPS1_10fmol_inj3.raw	ftp://massive.ucsd.edu/MSV000087597/raw/RD139_Overlap_UPS1_10fmol_inj3.raw	14	42	1	label free sample	label free	Data-Independent Acquisition	HCD	Overlap_CT=Mixture;CN=UPS1;QY=10 fmol	14	Trypsin	NT=Carbamidomethyl;TA=C;mt=fixed;AC=UNIMOD:4	NT=Oxidation;mt=variable;TA=M;AC=Unimod:35	10	ppm	0.02	Da				
RD139_Overlap_UPS1_25fmol_inj1.raw	ftp://massive.ucsd.edu/MSV000087597/raw/RD139_Overlap_UPS1_25fmol_inj1.raw	15	43	1	label free sample	label free	Data-Independent Acquisition	HCD	Overlap_CT=Mixture;CN=UPS1;QY=25 fmol	15	Trypsin	NT=Carbamidomethyl;TA=C;mt=fixed;AC=UNIMOD:4	NT=Oxidation;mt=variable;TA=M;AC=Unimod:35	10	ppm	0.02	Da				
RD139_Overlap_UPS1_25fmol_inj2.raw	ftp://massive.ucsd.edu/MSV000087597/raw/RD139_Overlap_UPS1_25fmol_inj2.raw	15	44	1	label free sample	label free	Data-Independent Acquisition	HCD	Overlap_CT=Mixture;CN=UPS1;QY=25 fmol	15	Trypsin	NT=Carbamidomethyl;TA=C;mt=fixed;AC=UNIMOD:4	NT=Oxidation;mt=variable;TA=M;AC=Unimod:35	10	ppm	0.02	Da				
RD139_Overlap_UPS1_25fmol_inj3.raw	ftp://massive.ucsd.edu/MSV000087597/raw/RD139_Overlap_UPS1_25fmol_inj3.raw	15	45	1	label free sample	label free	Data-Independent Acquisition	HCD	Overlap_CT=Mixture;CN=UPS1;QY=25 fmol	15	Trypsin	NT=Carbamidomethyl;TA=C;mt=fixed;AC=UNIMOD:4	NT=Oxidation;mt=variable;TA=M;AC=Unimod:35	10	ppm	0.02	Da				
RD139_Overlap_UPS1_50fmol_inj1.raw	ftp://massive.ucsd.edu/MSV000087597/raw/RD139_Overlap_UPS1_50fmol_inj1.raw	16	46	1	label free sample	label free	Data-Independent Acquisition	HCD	Overlap_CT=Mixture;CN=UPS1;QY=50 fmol	16	Trypsin	NT=Carbamidomethyl;TA=C;mt=fixed;AC=UNIMOD:4	NT=Oxidation;mt=variable;TA=M;AC=Unimod:35	10	ppm	0.02	Da				
RD139_Overlap_UPS1_50fmol_inj2.raw	ftp://massive.ucsd.edu/MSV000087597/raw/RD139_Overlap_UPS1_50fmol_inj2.raw	16	47	1	label free sample	label free	Data-Independent Acquisition	HCD	Overlap_CT=Mixture;CN=UPS1;QY=50 fmol	16	Trypsin	NT=Carbamidomethyl;TA=C;mt=fixed;AC=UNIMOD:4	NT=Oxidation;mt=variable;TA=M;AC=Unimod:35	10	ppm	0.02	Da				
RD139_Overlap_UPS1_50fmol_inj3.raw	ftp://massive.ucsd.edu/MSV000087597/raw/RD139_Overlap_UPS1_50fmol_inj3.raw	16	48	1	label free sample	label free	Data-Independent Acquisition	HCD	Overlap_CT=Mixture;CN=UPS1;QY=50 fmol	16	Trypsin	NT=Carbamidomethyl;TA=C;mt=fixed;AC=UNIMOD:4	NT=Oxidation;mt=variable;TA=M;AC=Unimod:35	10	ppm	0.02	Da				
RD139_Mixed_UPS1_0_1fmol_inj1.raw	ftp://massive.ucsd.edu/MSV000087597/raw/RD139_Mixed_UPS1_0_1fmol_inj1.raw	17	49	1	label free sample	label free	Data-Independent Acquisition	HCD	Mixed_CT=Mixture;CN=UPS1;QY=0.1 fmol	17	Trypsin	NT=Carbamidomethyl;TA=C;mt=fixed;AC=UNIMOD:4	NT=Oxidation;mt=variable;TA=M;AC=Unimod:35	10	ppm	0.02	Da				
RD139_Mixed_UPS1_0_1fmol_inj2.raw	ftp://massive.ucsd.edu/MSV000087597/raw/RD139_Mixed_UPS1_0_1fmol_inj2.raw	17	50	1	label free sample	label free	Data-Independent Acquisition	HCD	Mixed_CT=Mixture;CN=UPS1;QY=0.1 fmol	17	Trypsin	NT=Carbamidomethyl;TA=C;mt=fixed;AC=UNIMOD:4	NT=Oxidation;mt=variable;TA=M;AC=Unimod:35	10	ppm	0.02	Da				
RD139_Mixed_UPS1_0_1fmol_inj3.raw	ftp://massive.ucsd.edu/MSV000087597/raw/RD139_Mixed_UPS1_0_1fmol_inj3.raw	17	51	1	label free sample	label free	Data-Independent Acquisition	HCD	Mixed_CT=Mixture;CN=UPS1;QY=0.1 fmol	17	Trypsin	NT=Carbamidomethyl;TA=C;mt=fixed;AC=UNIMOD:4	NT=Oxidation;mt=variable;TA=M;AC=Unimod:35	10	ppm	0.02	Da				
RD139_Mixed_UPS1_0_25fmol_inj1.raw	ftp://massive.ucsd.edu/MSV000087597/raw/RD139_Mixed_UPS1_0_25fmol_inj1.raw	18	52	1	label free sample	label free	Data-Independent Acquisition	HCD	Mixed_CT=Mixture;CN=UPS1;QY=0.25 fmol	18	Trypsin	NT=Carbamidomethyl;TA=C;mt=fixed;AC=UNIMOD:4	NT=Oxidation;mt=variable;TA=M;AC=Unimod:35	10	ppm	0.02	Da				
RD139_Mixed_UPS1_0_25fmol_inj2.raw	ftp://massive.ucsd.edu/MSV000087597/raw/RD139_Mixed_UPS1_0_25fmol_inj2.raw	18	53	1	label free sample	label free	Data-Independent Acquisition	HCD	Mixed_CT=Mixture;CN=UPS1;QY=0.25 fmol	18	Trypsin	NT=Carbamidomethyl;TA=C;mt=fixed;AC=UNIMOD:4	NT=Oxidation;mt=variable;TA=M;AC=Unimod:35	10	ppm	0.02	Da				
RD139_Mixed_UPS1_0_25fmol_inj3.raw	ftp://massive.ucsd.edu/MSV000087597/raw/RD139_Mixed_UPS1_0_25fmol_inj3.raw	18	54	1	label free sample	label free	Data-Independent Acquisition	HCD	Mixed_CT=Mixture;CN=UPS1;QY=0.25 fmol	18	Trypsin	NT=Carbamidomethyl;TA=C;mt=fixed;AC=UNIMOD:4	NT=Oxidation;mt=variable;TA=M;AC=Unimod:35	10	ppm	0.02	Da				
RD139_Mixed_UPS1_1fmol_inj1.raw	ftp://massive.ucsd.edu/MSV000087597/raw/RD139_Mixed_UPS1_1fmol_inj1.raw	19	55	1	label free sample	label free	Data-Independent Acquisition	HCD	Mixed_CT=Mixture;CN=UPS1;QY=1 fmol	19	Trypsin	NT=Carbamidomethyl;TA=C;mt=fixed;AC=UNIMOD:4	NT=Oxidation;mt=variable;TA=M;AC=Unimod:35	10	ppm	0.02	Da				
RD139_Mixed_UPS1_1fmol_inj2.raw	ftp://massive.ucsd.edu/MSV000087597/raw/RD139_Mixed_UPS1_1fmol_inj2.raw	19	56	1	label free sample	label free	Data-Independent Acquisition	HCD	Mixed_CT=Mixture;CN=UPS1;QY=1 fmol	19	Trypsin	NT=Carbamidomethyl;TA=C;mt=fixed;AC=UNIMOD:4	NT=Oxidation;mt=variable;TA=M;AC=Unimod:35	10	ppm	0.02	Da				
RD139_Mixed_UPS1_1fmol_inj3.raw	ftp://massive.ucsd.edu/MSV000087597/raw/RD139_Mixed_UPS1_1fmol_inj3.raw	19	57	1	label free sample	label free	Data-Independent Acquisition	HCD	Mixed_CT=Mixture;CN=UPS1;QY=1 fmol	19	Trypsin	NT=Carbamidomethyl;TA=C;mt=fixed;AC=UNIMOD:4	NT=Oxidation;mt=variable;TA=M;AC=Unimod:35	10	ppm	0.02	Da				
RD139_Mixed_UPS1_2_5fmol_inj1.raw	ftp://massive.ucsd.edu/MSV000087597/raw/RD139_Mixed_UPS1_2_5fmol_inj1.raw	20	58	1	label free sample	label free	Data-Independent Acquisition	HCD	Mixed_CT=Mixture;CN=UPS1;QY=2.5 fmol	20	Trypsin	NT=Carbamidomethyl;TA=C;mt=fixed;AC=UNIMOD:4	NT=Oxidation;mt=variable;TA=M;AC=Unimod:35	10	ppm	0.02	Da				
RD139_Mixed_UPS1_2_5fmol_inj2.raw	ftp://massive.ucsd.edu/MSV000087597/raw/RD139_Mixed_UPS1_2_5fmol_inj2.raw	20	59	1	label free sample	label free	Data-Independent Acquisition	HCD	Mixed_CT=Mixture;CN=UPS1;QY=2.5 fmol	20	Trypsin	NT=Carbamidomethyl;TA=C;mt=fixed;AC=UNIMOD:4	NT=Oxidation;mt=variable;TA=M;AC=Unimod:35	10	ppm	0.02	Da				
RD139_Mixed_UPS1_2_5fmol_inj3.raw	ftp://massive.ucsd.edu/MSV000087597/raw/RD139_Mixed_UPS1_2_5fmol_inj3.raw	20	60	1	label free sample	label free	Data-Independent Acquisition	HCD	Mixed_CT=Mixture;CN=UPS1;QY=2.5 fmol	20	Trypsin	NT=Carbamidomethyl;TA=C;mt=fixed;AC=UNIMOD:4	NT=Oxidation;mt=variable;TA=M;AC=Unimod:35	10	ppm	0.02	Da				
RD139_Mixed_UPS1_5fmol_inj1.raw	ftp://massive.ucsd.edu/MSV000087597/raw/RD139_Mixed_UPS1_5fmol_inj1.raw	21	61	1	label free sample	label free	Data-Independent Acquisition	HCD	Mixed_CT=Mixture;CN=UPS1;QY=5 fmol	21	Trypsin	NT=Carbamidomethyl;TA=C;mt=fixed;AC=UNIMOD:4	NT=Oxidation;mt=variable;TA=M;AC=Unimod:35	10	ppm	0.02	Da				
RD139_Mixed_UPS1_5fmol_inj2.raw	ftp://massive.ucsd.edu/MSV000087597/raw/RD139_Mixed_UPS1_5fmol_inj2.raw	21	62	1	label free sample	label free	Data-Independent Acquisition	HCD	Mixed_CT=Mixture;CN=UPS1;QY=5 fmol	21	Trypsin	NT=Carbamidomethyl;TA=C;mt=fixed;AC=UNIMOD:4	NT=Oxidation;mt=variable;TA=M;AC=Unimod:35	10	ppm	0.02	Da				
RD139_Mixed_UPS1_5fmol_inj3.raw	ftp://massive.ucsd.edu/MSV000087597/raw/RD139_Mixed_UPS1_5fmol_inj3.raw	21	63	1	label free sample	label free	Data-Independent Acquisition	HCD	Mixed_CT=Mixture;CN=UPS1;QY=5 fmol	21	Trypsin	NT=Carbamidomethyl;TA=C;mt=fixed;AC=UNIMOD:4	NT=Oxidation;mt=variable;TA=M;AC=Unimod:35	10	ppm	0.02	Da				
RD139_Mixed_UPS1_10fmol_inj1.raw	ftp://massive.ucsd.edu/MSV000087597/raw/RD139_Mixed_UPS1_10fmol_inj1.raw	22	64	1	label free sample	label free	Data-Independent Acquisition	HCD	Mixed_CT=Mixture;CN=UPS1;QY=10 fmol	22	Trypsin	NT=Carbamidomethyl;TA=C;mt=fixed;AC=UNIMOD:4	NT=Oxidation;mt=variable;TA=M;AC=Unimod:35	10	ppm	0.02	Da				
RD139_Mixed_UPS1_10fmol_inj2.raw	ftp://massive.ucsd.edu/MSV000087597/raw/RD139_Mixed_UPS1_10fmol_inj2.raw	22	65	1	label free sample	label free	Data-Independent Acquisition	HCD	Mixed_CT=Mixture;CN=UPS1;QY=10 fmol	22	Trypsin	NT=Carbamidomethyl;TA=C;mt=fixed;AC=UNIMOD:4	NT=Oxidation;mt=variable;TA=M;AC=Unimod:35	10	ppm	0.02	Da				
RD139_Mixed_UPS1_10fmol_inj3.raw	ftp://massive.ucsd.edu/MSV000087597/raw/RD139_Mixed_UPS1_10fmol_inj3.raw	22	66	1	label free sample	label free	Data-Independent Acquisition	HCD	Mixed_CT=Mixture;CN=UPS1;QY=10 fmol	22	Trypsin	NT=Carbamidomethyl;TA=C;mt=fixed;AC=UNIMOD:4	NT=Oxidation;mt=variable;TA=M;AC=Unimod:35	10	ppm	0.02	Da				
RD139_Mixed_UPS1_25fmol_inj1.raw	ftp://massive.ucsd.edu/MSV000087597/raw/RD139_Mixed_UPS1_25fmol_inj1.raw	23	67	1	label free sample	label free	Data-Independent Acquisition	HCD	Mixed_CT=Mixture;CN=UPS1;QY=25 fmol	23	Trypsin	NT=Carbamidomethyl;TA=C;mt=fixed;AC=UNIMOD:4	NT=Oxidation;mt=variable;TA=M;AC=Unimod:35	10	ppm	0.02	Da				
RD139_Mixed_UPS1_25fmol_inj2.raw	ftp://massive.ucsd.edu/MSV000087597/raw/RD139_Mixed_UPS1_25fmol_inj2.raw	23	68	1	label free sample	label free	Data-Independent Acquisition	HCD	Mixed_CT=Mixture;CN=UPS1;QY=25 fmol	23	Trypsin	NT=Carbamidomethyl;TA=C;mt=fixed;AC=UNIMOD:4	NT=Oxidation;mt=variable;TA=M;AC=Unimod:35	10	ppm	0.02	Da				
RD139_Mixed_UPS1_25fmol_inj3.raw	ftp://massive.ucsd.edu/MSV000087597/raw/RD139_Mixed_UPS1_25fmol_inj3.raw	23	69	1	label free sample	label free	Data-Independent Acquisition	HCD	Mixed_CT=Mixture;CN=UPS1;QY=25 fmol	23	Trypsin	NT=Carbamidomethyl;TA=C;mt=fixed;AC=UNIMOD:4	NT=Oxidation;mt=variable;TA=M;AC=Unimod:35	10	ppm	0.02	Da				
RD139_Mixed_UPS1_50fmol_inj1.raw	ftp://massive.ucsd.edu/MSV000087597/raw/RD139_Mixed_UPS1_50fmol_inj1.raw	24	70	1	label free sample	label free	Data-Independent Acquisition	HCD	Mixed_CT=Mixture;CN=UPS1;QY=50 fmol	24	Trypsin	NT=Carbamidomethyl;TA=C;mt=fixed;AC=UNIMOD:4	NT=Oxidation;mt=variable;TA=M;AC=Unimod:35	10	ppm	0.02	Da				
RD139_Mixed_UPS1_50fmol_inj2.raw	ftp://massive.ucsd.edu/MSV000087597/raw/RD139_Mixed_UPS1_50fmol_inj2.raw	24	71	1	label free sample	label free	Data-Independent Acquisition	HCD	Mixed_CT=Mixture;CN=UPS1;QY=50 fmol	24	Trypsin	NT=Carbamidomethyl;TA=C;mt=fixed;AC=UNIMOD:4	NT=Oxidation;mt=variable;TA=M;AC=Unimod:35	10	ppm	0.02	Da				
RD139_Mixed_UPS1_50fmol_inj3.raw	ftp://massive.ucsd.edu/MSV000087597/raw/RD139_Mixed_UPS1_50fmol_inj3.raw	24	72	1	label free sample	label free	Data-Independent Acquisition	HCD	Mixed_CT=Mixture;CN=UPS1;QY=50 fmol	24	Trypsin	NT=Carbamidomethyl;TA=C;mt=fixed;AC=UNIMOD:4	NT=Oxidation;mt=variable;TA=M;AC=Unimod:35	10	ppm	0.02	Da				
RD139_Wide_UPS1_0_1fmol_inj1.raw	ftp://massive.ucsd.edu/MSV000087597/raw/RD139_Wide_UPS1_0_1fmol_inj1.raw	25	73	1	label free sample	label free	Data-Independent Acquisition	HCD	Wide_CT=Mixture;CN=UPS1;QY=0.1 fmol	25	Trypsin	NT=Carbamidomethyl;TA=C;mt=fixed;AC=UNIMOD:4	NT=Oxidation;mt=variable;TA=M;AC=Unimod:35	10	ppm	0.02	Da				
RD139_Wide_UPS1_0_1fmol_inj2.raw	ftp://massive.ucsd.edu/MSV000087597/raw/RD139_Wide_UPS1_0_1fmol_inj2.raw	25	74	1	label free sample	label free	Data-Independent Acquisition	HCD	Wide_CT=Mixture;CN=UPS1;QY=0.1 fmol	25	Trypsin	NT=Carbamidomethyl;TA=C;mt=fixed;AC=UNIMOD:4	NT=Oxidation;mt=variable;TA=M;AC=Unimod:35	10	ppm	0.02	Da				
RD139_Wide_UPS1_0_1fmol_inj3.raw	ftp://massive.ucsd.edu/MSV000087597/raw/RD139_Wide_UPS1_0_1fmol_inj3.raw	25	75	1	label free sample	label free	Data-Independent Acquisition	HCD	Wide_CT=Mixture;CN=UPS1;QY=0.1 fmol	25	Trypsin	NT=Carbamidomethyl;TA=C;mt=fixed;AC=UNIMOD:4	NT=Oxidation;mt=variable;TA=M;AC=Unimod:35	10	ppm	0.02	Da				
RD139_Wide_UPS1_0_25fmol_inj1.raw	ftp://massive.ucsd.edu/MSV000087597/raw/RD139_Wide_UPS1_0_25fmol_inj1.raw	26	76	1	label free sample	label free	Data-Independent Acquisition	HCD	Wide_CT=Mixture;CN=UPS1;QY=0.25 fmol	26	Trypsin	NT=Carbamidomethyl;TA=C;mt=fixed;AC=UNIMOD:4	NT=Oxidation;mt=variable;TA=M;AC=Unimod:35	10	ppm	0.02	Da				
RD139_Wide_UPS1_0_25fmol_inj2.raw	ftp://massive.ucsd.edu/MSV000087597/raw/RD139_Wide_UPS1_0_25fmol_inj2.raw	26	77	1	label free sample	label free	Data-Independent Acquisition	HCD	Wide_CT=Mixture;CN=UPS1;QY=0.25 fmol	26	Trypsin	NT=Carbamidomethyl;TA=C;mt=fixed;AC=UNIMOD:4	NT=Oxidation;mt=variable;TA=M;AC=Unimod:35	10	ppm	0.02	Da				
RD139_Wide_UPS1_0_25fmol_inj3.raw	ftp://massive.ucsd.edu/MSV000087597/raw/RD139_Wide_UPS1_0_25fmol_inj3.raw	26	78	1	label free sample	label free	Data-Independent Acquisition	HCD	Wide_CT=Mixture;CN=UPS1;QY=0.25 fmol	26	Trypsin	NT=Carbamidomethyl;TA=C;mt=fixed;AC=UNIMOD:4	NT=Oxidation;mt=variable;TA=M;AC=Unimod:35	10	ppm	0.02	Da				
RD139_Wide_UPS1_1fmol_inj1.raw	ftp://massive.ucsd.edu/MSV000087597/raw/RD139_Wide_UPS1_1fmol_inj1.raw	27	79	1	label free sample	label free	Data-Independent Acquisition	HCD	Wide_CT=Mixture;CN=UPS1;QY=1 fmol	27	Trypsin	NT=Carbamidomethyl;TA=C;mt=fixed;AC=UNIMOD:4	NT=Oxidation;mt=variable;TA=M;AC=Unimod:35	10	ppm	0.02	Da				
RD139_Wide_UPS1_1fmol_inj2.raw	ftp://massive.ucsd.edu/MSV000087597/raw/RD139_Wide_UPS1_1fmol_inj2.raw	27	80	1	label free sample	label free	Data-Independent Acquisition	HCD	Wide_CT=Mixture;CN=UPS1;QY=1 fmol	27	Trypsin	NT=Carbamidomethyl;TA=C;mt=fixed;AC=UNIMOD:4	NT=Oxidation;mt=variable;TA=M;AC=Unimod:35	10	ppm	0.02	Da				
RD139_Wide_UPS1_1fmol_inj3.raw	ftp://massive.ucsd.edu/MSV000087597/raw/RD139_Wide_UPS1_1fmol_inj3.raw	27	81	1	label free sample	label free	Data-Independent Acquisition	HCD	Wide_CT=Mixture;CN=UPS1;QY=1 fmol	27	Trypsin	NT=Carbamidomethyl;TA=C;mt=fixed;AC=UNIMOD:4	NT=Oxidation;mt=variable;TA=M;AC=Unimod:35	10	ppm	0.02	Da				
RD139_Wide_UPS1_2_5fmol_inj1.raw	ftp://massive.ucsd.edu/MSV000087597/raw/RD139_Wide_UPS1_2_5fmol_inj1.raw	28	82	1	label free sample	label free	Data-Independent Acquisition	HCD	Wide_CT=Mixture;CN=UPS1;QY=2.5 fmol	28	Trypsin	NT=Carbamidomethyl;TA=C;mt=fixed;AC=UNIMOD:4	NT=Oxidation;mt=variable;TA=M;AC=Unimod:35	10	ppm	0.02	Da				
RD139_Wide_UPS1_2_5fmol_inj2.raw	ftp://massive.ucsd.edu/MSV000087597/raw/RD139_Wide_UPS1_2_5fmol_inj2.raw	28	83	1	label free sample	label free	Data-Independent Acquisition	HCD	Wide_CT=Mixture;CN=UPS1;QY=2.5 fmol	28	Trypsin	NT=Carbamidomethyl;TA=C;mt=fixed;AC=UNIMOD:4	NT=Oxidation;mt=variable;TA=M;AC=Unimod:35	10	ppm	0.02	Da				
RD139_Wide_UPS1_2_5fmol_inj3.raw	ftp://massive.ucsd.edu/MSV000087597/raw/RD139_Wide_UPS1_2_5fmol_inj3.raw	28	84	1	label free sample	label free	Data-Independent Acquisition	HCD	Wide_CT=Mixture;CN=UPS1;QY=2.5 fmol	28	Trypsin	NT=Carbamidomethyl;TA=C;mt=fixed;AC=UNIMOD:4	NT=Oxidation;mt=variable;TA=M;AC=Unimod:35	10	ppm	0.02	Da				
RD139_Wide_UPS1_5fmol_inj1.raw	ftp://massive.ucsd.edu/MSV000087597/raw/RD139_Wide_UPS1_5fmol_inj1.raw	29	85	1	label free sample	label free	Data-Independent Acquisition	HCD	Wide_CT=Mixture;CN=UPS1;QY=5 fmol	29	Trypsin	NT=Carbamidomethyl;TA=C;mt=fixed;AC=UNIMOD:4	NT=Oxidation;mt=variable;TA=M;AC=Unimod:35	10	ppm	0.02	Da				
RD139_Wide_UPS1_5fmol_inj2.raw	ftp://massive.ucsd.edu/MSV000087597/raw/RD139_Wide_UPS1_5fmol_inj2.raw	29	86	1	label free sample	label free	Data-Independent Acquisition	HCD	Wide_CT=Mixture;CN=UPS1;QY=5 fmol	29	Trypsin	NT=Carbamidomethyl;TA=C;mt=fixed;AC=UNIMOD:4	NT=Oxidation;mt=variable;TA=M;AC=Unimod:35	10	ppm	0.02	Da				
RD139_Wide_UPS1_5fmol_inj3.raw	ftp://massive.ucsd.edu/MSV000087597/raw/RD139_Wide_UPS1_5fmol_inj3.raw	29	87	1	label free sample	label free	Data-Independent Acquisition	HCD	Wide_CT=Mixture;CN=UPS1;QY=5 fmol	29	Trypsin	NT=Carbamidomethyl;TA=C;mt=fixed;AC=UNIMOD:4	NT=Oxidation;mt=variable;TA=M;AC=Unimod:35	10	ppm	0.02	Da				
RD139_Wide_UPS1_10fmol_inj1r.raw	ftp://massive.ucsd.edu/MSV000087597/raw/RD139_Wide_UPS1_10fmol_inj1r.raw	30	88	1	label free sample	label free	Data-Independent Acquisition	HCD	Wide_CT=Mixture;CN=UPS1;QY=10 fmol	30	Trypsin	NT=Carbamidomethyl;TA=C;mt=fixed;AC=UNIMOD:4	NT=Oxidation;mt=variable;TA=M;AC=Unimod:35	10	ppm	0.02	Da				
RD139_Wide_UPS1_10fmol_inj2.raw	ftp://massive.ucsd.edu/MSV000087597/raw/RD139_Wide_UPS1_10fmol_inj2.raw	30	89	1	label free sample	label free	Data-Independent Acquisition	HCD	Wide_CT=Mixture;CN=UPS1;QY=10 fmol	30	Trypsin	NT=Carbamidomethyl;TA=C;mt=fixed;AC=UNIMOD:4	NT=Oxidation;mt=variable;TA=M;AC=Unimod:35	10	ppm	0.02	Da				
RD139_Wide_UPS1_10fmol_inj3.raw	ftp://massive.ucsd.edu/MSV000087597/raw/RD139_Wide_UPS1_10fmol_inj3.raw	30	90	1	label free sample	label free	Data-Independent Acquisition	HCD	Wide_CT=Mixture;CN=UPS1;QY=10 fmol	30	Trypsin	NT=Carbamidomethyl;TA=C;mt=fixed;AC=UNIMOD:4	NT=Oxidation;mt=variable;TA=M;AC=Unimod:35	10	ppm	0.02	Da				
RD139_Wide_UPS1_25fmol_inj1.raw	ftp://massive.ucsd.edu/MSV000087597/raw/RD139_Wide_UPS1_25fmol_inj1.raw	31	91	1	label free sample	label free	Data-Independent Acquisition	HCD	Wide_CT=Mixture;CN=UPS1;QY=25 fmol	31	Trypsin	NT=Carbamidomethyl;TA=C;mt=fixed;AC=UNIMOD:4	NT=Oxidation;mt=variable;TA=M;AC=Unimod:35	10	ppm	0.02	Da				
RD139_Wide_UPS1_25fmol_inj2.raw	ftp://massive.ucsd.edu/MSV000087597/raw/RD139_Wide_UPS1_25fmol_inj2.raw	31	92	1	label free sample	label free	Data-Independent Acquisition	HCD	Wide_CT=Mixture;CN=UPS1;QY=25 fmol	31	Trypsin	NT=Carbamidomethyl;TA=C;mt=fixed;AC=UNIMOD:4	NT=Oxidation;mt=variable;TA=M;AC=Unimod:35	10	ppm	0.02	Da				
RD139_Wide_UPS1_25fmol_inj3.raw	ftp://massive.ucsd.edu/MSV000087597/raw/RD139_Wide_UPS1_25fmol_inj3.raw	31	93	1	label free sample	label free	Data-Independent Acquisition	HCD	Wide_CT=Mixture;CN=UPS1;QY=25 fmol	31	Trypsin	NT=Carbamidomethyl;TA=C;mt=fixed;AC=UNIMOD:4	NT=Oxidation;mt=variable;TA=M;AC=Unimod:35	10	ppm	0.02	Da				
RD139_Wide_UPS1_50fmol_inj1.raw	ftp://massive.ucsd.edu/MSV000087597/raw/RD139_Wide_UPS1_50fmol_inj1.raw	32	94	1	label free sample	label free	Data-Independent Acquisition	HCD	Wide_CT=Mixture;CN=UPS1;QY=50 fmol	32	Trypsin	NT=Carbamidomethyl;TA=C;mt=fixed;AC=UNIMOD:4	NT=Oxidation;mt=variable;TA=M;AC=Unimod:35	10	ppm	0.02	Da				
RD139_Wide_UPS1_50fmol_inj2.raw	ftp://massive.ucsd.edu/MSV000087597/raw/RD139_Wide_UPS1_50fmol_inj2.raw	32	95	1	label free sample	label free	Data-Independent Acquisition	HCD	Wide_CT=Mixture;CN=UPS1;QY=50 fmol	32	Trypsin	NT=Carbamidomethyl;TA=C;mt=fixed;AC=UNIMOD:4	NT=Oxidation;mt=variable;TA=M;AC=Unimod:35	10	ppm	0.02	Da				
RD139_Wide_UPS1_50fmol_inj3.raw	ftp://massive.ucsd.edu/MSV000087597/raw/RD139_Wide_UPS1_50fmol_inj3.raw	32	96	1	label free sample	label free	Data-Independent Acquisition	HCD	Wide_CT=Mixture;CN=UPS1;QY=50 fmol	32	Trypsin	NT=Carbamidomethyl;TA=C;mt=fixed;AC=UNIMOD:4	NT=Oxidation;mt=variable;TA=M;AC=Unimod:35	10	ppm	0.02	Da				
